Program,Year,Period,Geo Level,State,State ANSI,Ag District,Ag District Code,County,County ANSI,BARLEY - ACRES HARVESTED,BARLEY PRODUCTION IN BU,BARLEY PRODUCTION IN Kg
CENSUS,2017,YEAR,COUNTY,ALABAMA,1,BLACK BELT,40,AUTAUGA,1,0,0,0
CENSUS,2017,YEAR,COUNTY,ALABAMA,1,MOUNTAINS & EASTERN VALLEY,20,DE KALB,49,0,0,0
CENSUS,2017,YEAR,COUNTY,ALABAMA,1,NORTHERN VALLEY,10,LIMESTONE,83,270,"10,800",380581.9603
CENSUS,2017,YEAR,COUNTY,ALABAMA,1,WIREGRASS,60,GENEVA,61,0,0,0
CENSUS,2017,YEAR,COUNTY,ALASKA,2,MATANUSKA-SUSITNA-ANCHORAGE,20,ANCHORAGE,,15,675,23786.37252
CENSUS,2017,YEAR,COUNTY,ALASKA,2,TANANA VALLEY,10,FAIRBANKS NORTH STAR,,"4,832","2,24,542",7912651.346
CENSUS,2017,YEAR,COUNTY,ARIZONA,4,NORTHERN,10,YAVAPAI,25,0,"3,537",124640.592
CENSUS,2017,YEAR,COUNTY,ARIZONA,4,SOUTHERN,80,COCHISE,3,"1,780","2,12,668",7494222.624
CENSUS,2017,YEAR,COUNTY,ARIZONA,4,SOUTHERN,80,GRAHAM,9,"1,459","2,33,628",8232833.539
CENSUS,2017,YEAR,COUNTY,ARIZONA,4,SOUTHERN,80,LAPAZ,12,0,0,0
CENSUS,2017,YEAR,COUNTY,ARIZONA,4,SOUTHERN,80,MARICOPA,13,"3,579","4,99,350",17596629.8
CENSUS,2017,YEAR,COUNTY,ARIZONA,4,SOUTHERN,80,PIMA,19,102,0,0
CENSUS,2017,YEAR,COUNTY,ARIZONA,4,SOUTHERN,80,PINAL,21,"9,073","10,71,869",37771667.15
CENSUS,2017,YEAR,COUNTY,ARIZONA,4,SOUTHERN,80,YUMA,27,307,"40,103",1413192.44
CENSUS,2017,YEAR,COUNTY,CALIFORNIA,6,CENTRAL COAST,40,LAKE,33,0,0,0
CENSUS,2017,YEAR,COUNTY,CALIFORNIA,6,CENTRAL COAST,40,MONTEREY,53,"3,569","1,73,755",6122964.677
CENSUS,2017,YEAR,COUNTY,CALIFORNIA,6,CENTRAL COAST,40,SAN LUIS OBISPO,79,"8,630","5,14,234",18121128.13
CENSUS,2017,YEAR,COUNTY,CALIFORNIA,6,CENTRAL COAST,40,SAN MATEO,81,0,0,0
CENSUS,2017,YEAR,COUNTY,CALIFORNIA,6,CENTRAL COAST,40,SONOMA,97,0,0,0
CENSUS,2017,YEAR,COUNTY,CALIFORNIA,6,NORTHEAST,30,LASSEN,35,0,0,0
CENSUS,2017,YEAR,COUNTY,CALIFORNIA,6,NORTHEAST,30,MODOC,49,"6,748","6,18,257",21786801.95
CENSUS,2017,YEAR,COUNTY,CALIFORNIA,6,NORTHEAST,30,PLUMAS,63,0,0,0
CENSUS,2017,YEAR,COUNTY,CALIFORNIA,6,SACRAMENTO VALLEY,50,BUTTE,7,0,0,0
CENSUS,2017,YEAR,COUNTY,CALIFORNIA,6,SACRAMENTO VALLEY,50,COLUSA,11,0,0,0
CENSUS,2017,YEAR,COUNTY,CALIFORNIA,6,SACRAMENTO VALLEY,50,GLENN,21,624,"41,816",1473556.968
CENSUS,2017,YEAR,COUNTY,CALIFORNIA,6,SACRAMENTO VALLEY,50,SACRAMENTO,67,0,0,0
CENSUS,2017,YEAR,COUNTY,CALIFORNIA,6,SACRAMENTO VALLEY,50,SOLANO,95,"1,380","98,247",3462132.95
CENSUS,2017,YEAR,COUNTY,CALIFORNIA,6,SACRAMENTO VALLEY,50,TEHAMA,103,0,0,0
CENSUS,2017,YEAR,COUNTY,CALIFORNIA,6,SACRAMENTO VALLEY,50,YOLO,113,"4,141","2,64,260",9312276.744
CENSUS,2017,YEAR,COUNTY,CALIFORNIA,6,SAN JOAQUIN VALLEY,51,FRESNO,19,"4,313","2,15,934",7609313.428
CENSUS,2017,YEAR,COUNTY,CALIFORNIA,6,SAN JOAQUIN VALLEY,51,KERN,29,"1,585","1,31,381",4629744.308
CENSUS,2017,YEAR,COUNTY,CALIFORNIA,6,SAN JOAQUIN VALLEY,51,KINGS,31,628,0,0
CENSUS,2017,YEAR,COUNTY,CALIFORNIA,6,SAN JOAQUIN VALLEY,51,MADERA,39,95,"4,925",173552.4217
CENSUS,2017,YEAR,COUNTY,CALIFORNIA,6,SAN JOAQUIN VALLEY,51,MERCED,47,"1,252","89,484",3153332.976
CENSUS,2017,YEAR,COUNTY,CALIFORNIA,6,SAN JOAQUIN VALLEY,51,SAN JOAQUIN,77,510,"33,546",1182129.856
CENSUS,2017,YEAR,COUNTY,CALIFORNIA,6,SAN JOAQUIN VALLEY,51,STANISLAUS,99,0,0,0
CENSUS,2017,YEAR,COUNTY,CALIFORNIA,6,SAN JOAQUIN VALLEY,51,TULARE,107,274,"13,492",475445.5378
CENSUS,2017,YEAR,COUNTY,CALIFORNIA,6,SISKIYOU-SHASTA,20,SHASTA,89,0,0,0
CENSUS,2017,YEAR,COUNTY,CALIFORNIA,6,SISKIYOU-SHASTA,20,SISKIYOU,93,"4,481","3,35,321",11816400.33
CENSUS,2017,YEAR,COUNTY,CALIFORNIA,6,SOUTHERN CALIFORNIA,80,LOS ANGELES,37,0,0,0
CENSUS,2017,YEAR,COUNTY,CALIFORNIA,6,SOUTHERN CALIFORNIA,80,ORANGE,59,0,0,0
CENSUS,2017,YEAR,COUNTY,CALIFORNIA,6,SOUTHERN CALIFORNIA,80,RIVERSIDE,65,0,0,0
CENSUS,2017,YEAR,COUNTY,CALIFORNIA,6,SOUTHERN CALIFORNIA,80,SANTA BARBARA,83,0,0,0
CENSUS,2017,YEAR,COUNTY,COLORADO,8,EAST CENTRAL,60,ADAMS,1,0,0,0
CENSUS,2017,YEAR,COUNTY,COLORADO,8,EAST CENTRAL,60,LINCOLN,73,0,0,0
CENSUS,2017,YEAR,COUNTY,COLORADO,8,EAST CENTRAL,60,WASHINGTON,121,0,0,0
CENSUS,2017,YEAR,COUNTY,COLORADO,8,EAST CENTRAL,60,YUMA,125,600,"57,762",2035479.184
CENSUS,2017,YEAR,COUNTY,COLORADO,8,NORTHEAST,20,BOULDER,13,968,"75,693",2667350.956
CENSUS,2017,YEAR,COUNTY,COLORADO,8,NORTHEAST,20,LARIMER,69,813,"1,07,098",3774033.962
CENSUS,2017,YEAR,COUNTY,COLORADO,8,NORTHEAST,20,LOGAN,75,260,"15,888",559878.3505
CENSUS,2017,YEAR,COUNTY,COLORADO,8,NORTHEAST,20,WELD,123,"6,282","7,15,977",25230363.91
CENSUS,2017,YEAR,COUNTY,COLORADO,8,SAN LUIS VALLEY,80,ALAMOSA,3,"10,666","12,81,067",45143610.2
CENSUS,2017,YEAR,COUNTY,COLORADO,8,SAN LUIS VALLEY,80,CONEJOS,21,"6,008","6,45,537",22748123.79
CENSUS,2017,YEAR,COUNTY,COLORADO,8,SAN LUIS VALLEY,80,COSTILLA,23,"4,842","5,74,290",20237445.74
CENSUS,2017,YEAR,COUNTY,COLORADO,8,SAN LUIS VALLEY,80,RIO GRANDE,105,"18,567","24,57,795",86610411.03
CENSUS,2017,YEAR,COUNTY,COLORADO,8,SAN LUIS VALLEY,80,SAGUACHE,109,"14,116","19,64,846",69239346.52
CENSUS,2017,YEAR,COUNTY,COLORADO,8,SOUTHEAST,90,BACA,9,0,0,0
CENSUS,2017,YEAR,COUNTY,COLORADO,8,SOUTHEAST,90,CROWLEY,25,0,0,0
CENSUS,2017,YEAR,COUNTY,COLORADO,8,SOUTHWEST,70,ARCHULETA,7,236,"7,208",254003.2194
CENSUS,2017,YEAR,COUNTY,COLORADO,8,SOUTHWEST,70,DELTA,29,0,0,0
CENSUS,2017,YEAR,COUNTY,COLORADO,8,SOUTHWEST,70,DOLORES,33,0,0,0
CENSUS,2017,YEAR,COUNTY,COLORADO,8,SOUTHWEST,70,GARFIELD,45,0,0,0
CENSUS,2017,YEAR,COUNTY,COLORADO,8,SOUTHWEST,70,LA PLATA,67,146,"7,340",258654.7767
CENSUS,2017,YEAR,COUNTY,COLORADO,8,SOUTHWEST,70,MONTEZUMA,83,225,"13,500",475727.4504
CENSUS,2017,YEAR,COUNTY,COLORADO,8,SOUTHWEST,70,MONTROSE,85,109,"9,745",343404.741
CENSUS,2017,YEAR,COUNTY,CONNECTICUT,9,ALL COUNTIES,10,HARTFORD,3,51,738,26006.43396
CENSUS,2017,YEAR,COUNTY,DELAWARE,10,CENTRAL,50,KENT,1,"8,433","7,08,200",24956309.66
CENSUS,2017,YEAR,COUNTY,DELAWARE,10,NORTHERN,20,NEW CASTLE,3,"2,173","1,83,521",6467109.439
CENSUS,2017,YEAR,COUNTY,DELAWARE,10,SOUTHERN,80,SUSSEX,5,"8,178","6,33,319",22317572.83
CENSUS,2017,YEAR,COUNTY,GEORGIA,13,CENTRAL,50,LAURENS,175,300,"12,000",422868.8448
CENSUS,2017,YEAR,COUNTY,GEORGIA,13,WEST CENTRAL,40,COWETA,77,0,0,0
CENSUS,2017,YEAR,COUNTY,GEORGIA,13,WEST CENTRAL,40,UPSON,293,0,0,0
CENSUS,2017,YEAR,COUNTY,IDAHO,16,EAST,90,BANNOCK,5,"6,553","4,97,661",17537111.01
CENSUS,2017,YEAR,COUNTY,IDAHO,16,EAST,90,BEAR LAKE,7,"8,369","5,95,625",20989271.31
CENSUS,2017,YEAR,COUNTY,IDAHO,16,EAST,90,BINGHAM,11,"19,764","23,36,235",82326749.64
CENSUS,2017,YEAR,COUNTY,IDAHO,16,EAST,90,BONNEVILLE,19,"68,414","66,93,189",235861758.4
CENSUS,2017,YEAR,COUNTY,IDAHO,16,EAST,90,BUTTE,23,"11,726","11,57,508",40789505.9
CENSUS,2017,YEAR,COUNTY,IDAHO,16,EAST,90,CARIBOU,29,"55,247","35,38,789",124703634.7
CENSUS,2017,YEAR,COUNTY,IDAHO,16,EAST,90,CLARK,33,"2,615","3,35,759",11831835.04
CENSUS,2017,YEAR,COUNTY,IDAHO,16,EAST,90,CUSTER,37,"3,283","3,40,015",11981812.52
CENSUS,2017,YEAR,COUNTY,IDAHO,16,EAST,90,FRANKLIN,41,"5,870","4,15,587",14644899.55
CENSUS,2017,YEAR,COUNTY,IDAHO,16,EAST,90,FREMONT,43,"58,565","52,24,941",184122063.7
CENSUS,2017,YEAR,COUNTY,IDAHO,16,EAST,90,JEFFERSON,51,"40,084","40,42,152",142441678.9
CENSUS,2017,YEAR,COUNTY,IDAHO,16,EAST,90,LEMHI,59,0,0,0
CENSUS,2017,YEAR,COUNTY,IDAHO,16,EAST,90,MADISON,65,"37,668","37,10,296",130747381.9
CENSUS,2017,YEAR,COUNTY,IDAHO,16,EAST,90,ONEIDA,71,994,"57,770",2035761.097
CENSUS,2017,YEAR,COUNTY,IDAHO,16,EAST,90,POWER,77,"3,476","2,31,839",8169790.842
CENSUS,2017,YEAR,COUNTY,IDAHO,16,EAST,90,TETON,81,"28,706","23,81,571",83924348.13
CENSUS,2017,YEAR,COUNTY,IDAHO,16,NORTH,10,BENEWAH,9,"1,808","70,061",2468884.511
CENSUS,2017,YEAR,COUNTY,IDAHO,16,NORTH,10,BONNER,17,206,"8,502",299602.5765
CENSUS,2017,YEAR,COUNTY,IDAHO,16,NORTH,10,BOUNDARY,21,"2,333","1,25,718",4430185.453
CENSUS,2017,YEAR,COUNTY,IDAHO,16,NORTH,10,CLEARWATER,35,0,0,0
CENSUS,2017,YEAR,COUNTY,IDAHO,16,NORTH,10,IDAHO,49,"7,228","2,83,709",9997641.424
CENSUS,2017,YEAR,COUNTY,IDAHO,16,NORTH,10,KOOTENAI,55,0,0,0
CENSUS,2017,YEAR,COUNTY,IDAHO,16,NORTH,10,LATAH,57,"6,028","2,49,526",8793064.281
CENSUS,2017,YEAR,COUNTY,IDAHO,16,NORTH,10,LEWIS,61,"3,882","1,77,406",6251622.523
CENSUS,2017,YEAR,COUNTY,IDAHO,16,NORTH,10,NEZ PERCE,69,"6,116","3,61,312",12732299
CENSUS,2017,YEAR,COUNTY,IDAHO,16,SOUTH CENTRAL,80,BLAINE,13,"8,205","8,85,940",31219702.03
CENSUS,2017,YEAR,COUNTY,IDAHO,16,SOUTH CENTRAL,80,CAMAS,25,"8,836","3,91,952",13812024.12
CENSUS,2017,YEAR,COUNTY,IDAHO,16,SOUTH CENTRAL,80,CASSIA,31,"33,937","44,45,401",156651798.8
CENSUS,2017,YEAR,COUNTY,IDAHO,16,SOUTH CENTRAL,80,GOODING,47,"1,579","1,27,293",4485686.988
CENSUS,2017,YEAR,COUNTY,IDAHO,16,SOUTH CENTRAL,80,JEROME,53,"13,297","18,03,055",63537982.08
CENSUS,2017,YEAR,COUNTY,IDAHO,16,SOUTH CENTRAL,80,LINCOLN,63,"2,935","3,48,117",12267319.47
CENSUS,2017,YEAR,COUNTY,IDAHO,16,SOUTH CENTRAL,80,MINIDOKA,67,"47,296","62,50,558",220263853.4
CENSUS,2017,YEAR,COUNTY,IDAHO,16,SOUTH CENTRAL,80,TWIN FALLS,83,"24,825","29,83,634",105140488.6
CENSUS,2017,YEAR,COUNTY,IDAHO,16,SOUTHWEST,70,ADA,1,690,"70,686",2490908.93
CENSUS,2017,YEAR,COUNTY,IDAHO,16,SOUTHWEST,70,CANYON,27,719,"45,612",1607324.479
CENSUS,2017,YEAR,COUNTY,IDAHO,16,SOUTHWEST,70,GEM,45,543,"65,129",2295085.416
CENSUS,2017,YEAR,COUNTY,IDAHO,16,SOUTHWEST,70,OWYHEE,73,707,"83,002",2924913.321
CENSUS,2017,YEAR,COUNTY,IDAHO,16,SOUTHWEST,70,PAYETTE,75,0,0,0
CENSUS,2017,YEAR,COUNTY,IDAHO,16,SOUTHWEST,70,WASHINGTON,87,933,"64,797",2283386.045
CENSUS,2017,YEAR,COUNTY,ILLINOIS,17,CENTRAL,40,WOODFORD,203,112,"6,880",242444.8044
CENSUS,2017,YEAR,COUNTY,ILLINOIS,17,EAST,50,FORD,53,0,0,0
CENSUS,2017,YEAR,COUNTY,ILLINOIS,17,EAST SOUTHEAST,70,COLES,29,0,0,0
CENSUS,2017,YEAR,COUNTY,ILLINOIS,17,EAST SOUTHEAST,70,DOUGLAS,41,0,0,0
CENSUS,2017,YEAR,COUNTY,ILLINOIS,17,EAST SOUTHEAST,70,LAWRENCE,101,0,0,0
CENSUS,2017,YEAR,COUNTY,ILLINOIS,17,NORTHEAST,20,BOONE,7,0,0,0
CENSUS,2017,YEAR,COUNTY,ILLINOIS,17,NORTHEAST,20,KANE,89,0,0,0
CENSUS,2017,YEAR,COUNTY,ILLINOIS,17,NORTHEAST,20,KENDALL,93,0,0,0
CENSUS,2017,YEAR,COUNTY,ILLINOIS,17,NORTHWEST,10,BUREAU,11,0,0,0
CENSUS,2017,YEAR,COUNTY,ILLINOIS,17,NORTHWEST,10,JO DAVIESS,85,79,"4,420",155756.6912
CENSUS,2017,YEAR,COUNTY,ILLINOIS,17,NORTHWEST,10,ROCK ISLAND,161,0,0,0
CENSUS,2017,YEAR,COUNTY,ILLINOIS,17,SOUTHEAST,90,JEFFERSON,81,0,0,0
CENSUS,2017,YEAR,COUNTY,ILLINOIS,17,SOUTHWEST,80,CLINTON,27,70,"2,500",88097.676
CENSUS,2017,YEAR,COUNTY,ILLINOIS,17,SOUTHWEST,80,MONROE,133,0,0,0
CENSUS,2017,YEAR,COUNTY,ILLINOIS,17,SOUTHWEST,80,RANDOLPH,157,0,0,0
CENSUS,2017,YEAR,COUNTY,ILLINOIS,17,WEST,30,BROWN,9,0,0,0
CENSUS,2017,YEAR,COUNTY,ILLINOIS,17,WEST SOUTHWEST,60,GREENE,61,0,0,0
CENSUS,2017,YEAR,COUNTY,INDIANA,18,CENTRAL,50,BARTHOLOMEW,5,0,0,0
CENSUS,2017,YEAR,COUNTY,INDIANA,18,CENTRAL,50,DECATUR,31,362,"34,340",1210109.678
CENSUS,2017,YEAR,COUNTY,INDIANA,18,CENTRAL,50,RUSH,139,300,"30,000",1057172.112
CENSUS,2017,YEAR,COUNTY,INDIANA,18,NORTH CENTRAL,20,ELKHART,39,33,"1,850",65192.28024
CENSUS,2017,YEAR,COUNTY,INDIANA,18,NORTH CENTRAL,20,MARSHALL,99,30,"1,800",63430.32672
CENSUS,2017,YEAR,COUNTY,INDIANA,18,NORTH CENTRAL,20,MIAMI,103,0,0,0
CENSUS,2017,YEAR,COUNTY,INDIANA,18,NORTH CENTRAL,20,WABASH,169,30,0,0
CENSUS,2017,YEAR,COUNTY,INDIANA,18,NORTHEAST,30,LAGRANGE,87,235,"12,059",424947.95
CENSUS,2017,YEAR,COUNTY,INDIANA,18,NORTHEAST,30,NOBLE,113,0,0,0
CENSUS,2017,YEAR,COUNTY,INDIANA,18,NORTHWEST,10,PORTER,127,0,0,0
CENSUS,2017,YEAR,COUNTY,INDIANA,18,SOUTH CENTRAL,80,HARRISON,61,0,0,0
CENSUS,2017,YEAR,COUNTY,INDIANA,18,SOUTH CENTRAL,80,LAWRENCE,93,60,"3,240",114174.5881
CENSUS,2017,YEAR,COUNTY,INDIANA,18,SOUTHWEST,70,DAVIESS,27,0,0,0
CENSUS,2017,YEAR,COUNTY,INDIANA,18,WEST CENTRAL,40,VIGO,167,0,0,0
CENSUS,2017,YEAR,COUNTY,IOWA,19,CENTRAL,50,BOONE,15,0,0,0
CENSUS,2017,YEAR,COUNTY,IOWA,19,EAST CENTRAL,60,SCOTT,163,0,0,0
CENSUS,2017,YEAR,COUNTY,IOWA,19,NORTHEAST,30,ALLAMAKEE,5,0,0,0
CENSUS,2017,YEAR,COUNTY,IOWA,19,NORTHEAST,30,BREMER,17,0,0,0
CENSUS,2017,YEAR,COUNTY,IOWA,19,NORTHEAST,30,BUCHANAN,19,0,0,0
CENSUS,2017,YEAR,COUNTY,IOWA,19,NORTHEAST,30,DUBUQUE,61,107,"3,087",108783.0103
CENSUS,2017,YEAR,COUNTY,IOWA,19,NORTHEAST,30,WINNESHIEK,191,0,0,0
CENSUS,2017,YEAR,COUNTY,IOWA,19,NORTHWEST,10,CHEROKEE,35,0,0,0
CENSUS,2017,YEAR,COUNTY,IOWA,19,NORTHWEST,10,LYON,119,0,0,0
CENSUS,2017,YEAR,COUNTY,IOWA,19,NORTHWEST,10,O BRIEN,141,0,0,0
CENSUS,2017,YEAR,COUNTY,IOWA,19,SOUTHEAST,90,DAVIS,51,0,0,0
CENSUS,2017,YEAR,COUNTY,IOWA,19,SOUTHEAST,90,HENRY,87,0,0,0
CENSUS,2017,YEAR,COUNTY,IOWA,19,SOUTHEAST,90,JEFFERSON,101,0,0,0
CENSUS,2017,YEAR,COUNTY,IOWA,19,SOUTHEAST,90,WASHINGTON,183,0,0,0
CENSUS,2017,YEAR,COUNTY,IOWA,19,WEST CENTRAL,40,AUDUBON,9,0,0,0
CENSUS,2017,YEAR,COUNTY,IOWA,19,WEST CENTRAL,40,GREENE,73,0,0,0
CENSUS,2017,YEAR,COUNTY,IOWA,19,WEST CENTRAL,40,IDA,93,270,"9,450",333009.2153
CENSUS,2017,YEAR,COUNTY,IOWA,19,WEST CENTRAL,40,SHELBY,165,0,0,0
CENSUS,2017,YEAR,COUNTY,KANSAS,20,CENTRAL,50,BARTON,9,0,0,0
CENSUS,2017,YEAR,COUNTY,KANSAS,20,CENTRAL,50,MARION,115,218,"6,913",243607.6937
CENSUS,2017,YEAR,COUNTY,KANSAS,20,CENTRAL,50,MCPHERSON,113,0,0,0
CENSUS,2017,YEAR,COUNTY,KANSAS,20,EAST CENTRAL,80,WABAUNSEE,197,0,0,0
CENSUS,2017,YEAR,COUNTY,KANSAS,20,NORTH CENTRAL,40,JEWELL,89,0,0,0
CENSUS,2017,YEAR,COUNTY,KANSAS,20,NORTH CENTRAL,40,OSBORNE,141,0,0,0
CENSUS,2017,YEAR,COUNTY,KANSAS,20,NORTH CENTRAL,40,PHILLIPS,147,0,0,0
CENSUS,2017,YEAR,COUNTY,KANSAS,20,NORTHEAST,70,JEFFERSON,87,315,"6,300",222006.1435
CENSUS,2017,YEAR,COUNTY,KANSAS,20,NORTHWEST,10,CHEYENNE,23,0,0,0
CENSUS,2017,YEAR,COUNTY,KANSAS,20,NORTHWEST,10,RAWLINS,153,0,0,0
CENSUS,2017,YEAR,COUNTY,KANSAS,20,SOUTH CENTRAL,60,HARVEY,79,420,"16,800",592016.3827
CENSUS,2017,YEAR,COUNTY,KANSAS,20,SOUTH CENTRAL,60,RENO,155,131,"8,770",309046.6474
CENSUS,2017,YEAR,COUNTY,KANSAS,20,SOUTH CENTRAL,60,SUMNER,191,0,0,0
CENSUS,2017,YEAR,COUNTY,KANSAS,20,SOUTHEAST,90,COWLEY,35,0,0,0
CENSUS,2017,YEAR,COUNTY,KANSAS,20,SOUTHEAST,90,GREENWOOD,73,0,0,0
CENSUS,2017,YEAR,COUNTY,KANSAS,20,SOUTHEAST,90,LABETTE,99,210,"12,860",453174.4453
CENSUS,2017,YEAR,COUNTY,KANSAS,20,SOUTHEAST,90,NEOSHO,133,34,0,0
CENSUS,2017,YEAR,COUNTY,KANSAS,20,SOUTHEAST,90,WILSON,205,0,0,0
CENSUS,2017,YEAR,COUNTY,KANSAS,20,SOUTHEAST,90,WOODSON,207,0,0,0
CENSUS,2017,YEAR,COUNTY,KANSAS,20,SOUTHWEST,30,HAMILTON,75,0,0,0
CENSUS,2017,YEAR,COUNTY,KANSAS,20,SOUTHWEST,30,STEVENS,189,0,0,0
CENSUS,2017,YEAR,COUNTY,KANSAS,20,WEST CENTRAL,20,GOVE,63,375,"10,405",366662.5275
CENSUS,2017,YEAR,COUNTY,KANSAS,20,WEST CENTRAL,20,LOGAN,109,0,0,0
CENSUS,2017,YEAR,COUNTY,KANSAS,20,WEST CENTRAL,20,TREGO,195,0,0,0
CENSUS,2017,YEAR,COUNTY,KENTUCKY,21,BLUEGRASS,50,BOYLE,21,0,0,0
CENSUS,2017,YEAR,COUNTY,KENTUCKY,21,BLUEGRASS,50,FLEMING,69,234,"24,298",856238.9326
CENSUS,2017,YEAR,COUNTY,KENTUCKY,21,BLUEGRASS,50,LINCOLN,137,69,"3,064",107972.5117
CENSUS,2017,YEAR,COUNTY,KENTUCKY,21,BLUEGRASS,50,MERCER,167,0,0,0
CENSUS,2017,YEAR,COUNTY,KENTUCKY,21,CENTRAL,30,ALLEN,3,672,"83,830",2954091.272
CENSUS,2017,YEAR,COUNTY,KENTUCKY,21,CENTRAL,30,BRECKINRIDGE,27,44,"3,590",126508.2627
CENSUS,2017,YEAR,COUNTY,KENTUCKY,21,CENTRAL,30,CLINTON,53,0,0,0
CENSUS,2017,YEAR,COUNTY,KENTUCKY,21,CENTRAL,30,HARDIN,93,0,0,0
CENSUS,2017,YEAR,COUNTY,KENTUCKY,21,CENTRAL,30,MEADE,163,0,0,0
CENSUS,2017,YEAR,COUNTY,KENTUCKY,21,CENTRAL,30,NELSON,179,382,"22,250",784069.3164
CENSUS,2017,YEAR,COUNTY,KENTUCKY,21,EASTERN OR MOUNTAIN,60,MAGOFFIN,153,9,72,2537.213069
CENSUS,2017,YEAR,COUNTY,KENTUCKY,21,EASTERN OR MOUNTAIN,60,MORGAN,175,0,0,0
CENSUS,2017,YEAR,COUNTY,KENTUCKY,21,EASTERN OR MOUNTAIN,60,WAYNE,231,0,0,0
CENSUS,2017,YEAR,COUNTY,KENTUCKY,21,MIDWESTERN,20,CHRISTIAN,47,172,"8,668",305452.2622
CENSUS,2017,YEAR,COUNTY,KENTUCKY,21,MIDWESTERN,20,HENDERSON,101,0,0,0
CENSUS,2017,YEAR,COUNTY,KENTUCKY,21,MIDWESTERN,20,LOGAN,141,"1,133","93,378",3290553.916
CENSUS,2017,YEAR,COUNTY,KENTUCKY,21,MIDWESTERN,20,MUHLENBERG,177,0,0,0
CENSUS,2017,YEAR,COUNTY,KENTUCKY,21,MIDWESTERN,20,SIMPSON,213,309,"27,330",963083.794
CENSUS,2017,YEAR,COUNTY,KENTUCKY,21,MIDWESTERN,20,TODD,219,542,"28,994",1021721.607
CENSUS,2017,YEAR,COUNTY,KENTUCKY,21,NORTHERN,40,OLDHAM,185,0,0,0
CENSUS,2017,YEAR,COUNTY,KENTUCKY,21,PURCHASE,10,BALLARD,7,0,0,0
CENSUS,2017,YEAR,COUNTY,KENTUCKY,21,PURCHASE,10,CARLISLE,39,0,0,0
CENSUS,2017,YEAR,COUNTY,KENTUCKY,21,PURCHASE,10,TRIGG,221,0,0,0
CENSUS,2017,YEAR,COUNTY,MAINE,23,CENTRAL,20,PENOBSCOT,19,0,0,0
CENSUS,2017,YEAR,COUNTY,MAINE,23,CENTRAL,20,PISCATAQUIS,21,12,198,6977.335939
CENSUS,2017,YEAR,COUNTY,MAINE,23,CENTRAL,20,WALDO,27,3,24,845.7376896
CENSUS,2017,YEAR,COUNTY,MAINE,23,NORTH,10,AROOSTOOK,3,"14,979","11,47,859",40449484.11
CENSUS,2017,YEAR,COUNTY,MAINE,23,SOUTH,30,KENNEBEC,11,0,0,0
CENSUS,2017,YEAR,COUNTY,MARYLAND,24,LOWER EASTERN SHORE,90,DORCHESTER,19,530,"43,525",1533780.539
CENSUS,2017,YEAR,COUNTY,MARYLAND,24,LOWER EASTERN SHORE,90,SOMERSET,39,998,"93,591",3298059.838
CENSUS,2017,YEAR,COUNTY,MARYLAND,24,LOWER EASTERN SHORE,90,WICOMICO,45,310,"21,455",756054.2554
CENSUS,2017,YEAR,COUNTY,MARYLAND,24,LOWER EASTERN SHORE,90,WORCESTER,47,362,"31,251",1101256.189
CENSUS,2017,YEAR,COUNTY,MARYLAND,24,NORTH CENTRAL,20,BALTIMORE,5,814,"79,743",2810069.191
CENSUS,2017,YEAR,COUNTY,MARYLAND,24,NORTH CENTRAL,20,CARROLL,13,"2,260","1,80,156",6348529.967
CENSUS,2017,YEAR,COUNTY,MARYLAND,24,NORTH CENTRAL,20,FREDERICK,21,"2,242","1,76,764",6228999.04
CENSUS,2017,YEAR,COUNTY,MARYLAND,24,NORTH CENTRAL,20,HARFORD,25,"1,401","1,70,992",6025599.126
CENSUS,2017,YEAR,COUNTY,MARYLAND,24,NORTH CENTRAL,20,HOWARD,27,116,"9,450",333009.2153
CENSUS,2017,YEAR,COUNTY,MARYLAND,24,NORTH CENTRAL,20,WASHINGTON,43,"2,309","1,64,070",5781674.281
CENSUS,2017,YEAR,COUNTY,MARYLAND,24,SOUTHERN,80,ANNE ARUNDEL,3,0,0,0
CENSUS,2017,YEAR,COUNTY,MARYLAND,24,SOUTHERN,80,CALVERT,9,45,"2,201",77561.19395
CENSUS,2017,YEAR,COUNTY,MARYLAND,24,SOUTHERN,80,CHARLES,17,376,"36,533",1287388.959
CENSUS,2017,YEAR,COUNTY,MARYLAND,24,SOUTHERN,80,PRINCE GEORGES,33,0,0,0
CENSUS,2017,YEAR,COUNTY,MARYLAND,24,SOUTHERN,80,ST MARYS,37,451,"29,894",1053436.771
CENSUS,2017,YEAR,COUNTY,MARYLAND,24,UPPER EASTERN SHORE,30,CAROLINE,11,"4,059","3,57,330",12591977.03
CENSUS,2017,YEAR,COUNTY,MARYLAND,24,UPPER EASTERN SHORE,30,CECIL,15,"1,796","1,57,207",5539828.54
CENSUS,2017,YEAR,COUNTY,MARYLAND,24,UPPER EASTERN SHORE,30,KENT,29,"1,380","1,20,417",4243383.14
CENSUS,2017,YEAR,COUNTY,MARYLAND,24,UPPER EASTERN SHORE,30,QUEEN ANNES,35,"2,523","2,07,945",7327788.494
CENSUS,2017,YEAR,COUNTY,MARYLAND,24,UPPER EASTERN SHORE,30,TALBOT,41,"2,165","2,02,628",7140422.357
CENSUS,2017,YEAR,COUNTY,MARYLAND,24,WESTERN,10,ALLEGANY,1,450,"22,500",792879.084
CENSUS,2017,YEAR,COUNTY,MARYLAND,24,WESTERN,10,GARRETT,23,106,"7,502",264363.5061
CENSUS,2017,YEAR,COUNTY,MASSACHUSETTS,25,ALL COUNTIES,10,HAMPSHIRE,15,28,"1,090",38410.58674
CENSUS,2017,YEAR,COUNTY,MASSACHUSETTS,25,ALL COUNTIES,10,MIDDLESEX,17,0,0,0
CENSUS,2017,YEAR,COUNTY,MASSACHUSETTS,25,ALL COUNTIES,10,WORCESTER,27,0,0,0
CENSUS,2017,YEAR,COUNTY,MICHIGAN,26,CENTRAL,50,CLARE,35,74,0,0
CENSUS,2017,YEAR,COUNTY,MICHIGAN,26,CENTRAL,50,GLADWIN,51,0,0,0
CENSUS,2017,YEAR,COUNTY,MICHIGAN,26,CENTRAL,50,ISABELLA,73,253,"14,003",493452.7028
CENSUS,2017,YEAR,COUNTY,MICHIGAN,26,CENTRAL,50,MECOSTA,107,0,0,0
CENSUS,2017,YEAR,COUNTY,MICHIGAN,26,CENTRAL,50,OSCEOLA,133,0,0,0
CENSUS,2017,YEAR,COUNTY,MICHIGAN,26,EAST CENTRAL,60,ARENAC,11,0,0,0
CENSUS,2017,YEAR,COUNTY,MICHIGAN,26,EAST CENTRAL,60,BAY,17,0,0,0
CENSUS,2017,YEAR,COUNTY,MICHIGAN,26,EAST CENTRAL,60,HURON,63,166,"9,688",341396.114
CENSUS,2017,YEAR,COUNTY,MICHIGAN,26,EAST CENTRAL,60,SANILAC,151,0,0,0
CENSUS,2017,YEAR,COUNTY,MICHIGAN,26,EAST CENTRAL,60,TUSCOLA,157,25,950,33477.11688
CENSUS,2017,YEAR,COUNTY,MICHIGAN,26,NORTHEAST,30,ALCONA,1,0,0,0
CENSUS,2017,YEAR,COUNTY,MICHIGAN,26,NORTHEAST,30,ALPENA,7,176,"8,080",284731.6888
CENSUS,2017,YEAR,COUNTY,MICHIGAN,26,NORTHEAST,30,CHEBOYGAN,31,144,"7,930",279445.8283
CENSUS,2017,YEAR,COUNTY,MICHIGAN,26,NORTHEAST,30,IOSCO,69,0,0,0
CENSUS,2017,YEAR,COUNTY,MICHIGAN,26,NORTHEAST,30,OGEMAW,129,0,0,0
CENSUS,2017,YEAR,COUNTY,MICHIGAN,26,NORTHEAST,30,OSCODA,135,70,"4,500",158575.8168
CENSUS,2017,YEAR,COUNTY,MICHIGAN,26,NORTHEAST,30,PRESQUE ISLE,141,73,"2,770",97612.22501
CENSUS,2017,YEAR,COUNTY,MICHIGAN,26,NORTHWEST,20,CHARLEVOIX,29,118,"5,334",187965.2015
CENSUS,2017,YEAR,COUNTY,MICHIGAN,26,NORTHWEST,20,EMMET,47,60,"3,520",124041.5278
CENSUS,2017,YEAR,COUNTY,MICHIGAN,26,NORTHWEST,20,GRAND TRAVERSE,55,767,"47,430",1671389.109
CENSUS,2017,YEAR,COUNTY,MICHIGAN,26,NORTHWEST,20,KALKASKA,79,0,0,0
CENSUS,2017,YEAR,COUNTY,MICHIGAN,26,SOUTH CENTRAL,80,BARRY,15,0,0,0
CENSUS,2017,YEAR,COUNTY,MICHIGAN,26,SOUTH CENTRAL,80,CALHOUN,25,0,0,0
CENSUS,2017,YEAR,COUNTY,MICHIGAN,26,SOUTH CENTRAL,80,CLINTON,37,24,"1,440",50744.26138
CENSUS,2017,YEAR,COUNTY,MICHIGAN,26,SOUTH CENTRAL,80,EATON,45,40,900,31715.16336
CENSUS,2017,YEAR,COUNTY,MICHIGAN,26,SOUTH CENTRAL,80,HILLSDALE,59,0,0,0
CENSUS,2017,YEAR,COUNTY,MICHIGAN,26,SOUTH CENTRAL,80,IONIA,67,0,0,0
CENSUS,2017,YEAR,COUNTY,MICHIGAN,26,SOUTH CENTRAL,80,JACKSON,75,45,"1,799",63395.08765
CENSUS,2017,YEAR,COUNTY,MICHIGAN,26,SOUTH CENTRAL,80,SHIAWASSEE,155,0,0,0
CENSUS,2017,YEAR,COUNTY,MICHIGAN,26,SOUTH CENTRAL,80,ST JOSEPH,149,34,"1,686",59413.07269
CENSUS,2017,YEAR,COUNTY,MICHIGAN,26,SOUTHEAST,90,GENESEE,49,14,680,23962.56787
CENSUS,2017,YEAR,COUNTY,MICHIGAN,26,SOUTHEAST,90,LAPEER,87,0,0,0
CENSUS,2017,YEAR,COUNTY,MICHIGAN,26,SOUTHEAST,90,LENAWEE,91,0,0,0
CENSUS,2017,YEAR,COUNTY,MICHIGAN,26,SOUTHEAST,90,MONROE,115,0,0,0
CENSUS,2017,YEAR,COUNTY,MICHIGAN,26,SOUTHEAST,90,ST CLAIR,147,0,0,0
CENSUS,2017,YEAR,COUNTY,MICHIGAN,26,SOUTHEAST,90,WASHTENAW,161,0,0,0
CENSUS,2017,YEAR,COUNTY,MICHIGAN,26,SOUTHWEST,70,ALLEGAN,5,0,0,0
CENSUS,2017,YEAR,COUNTY,MICHIGAN,26,SOUTHWEST,70,CASS,27,318,"11,681",411627.5813
CENSUS,2017,YEAR,COUNTY,MICHIGAN,26,SOUTHWEST,70,KALAMAZOO,77,0,0,0
CENSUS,2017,YEAR,COUNTY,MICHIGAN,26,SOUTHWEST,70,KENT,81,106,"2,240",78935.5177
CENSUS,2017,YEAR,COUNTY,MICHIGAN,26,SOUTHWEST,70,OTTAWA,139,0,0,0
CENSUS,2017,YEAR,COUNTY,MICHIGAN,26,UPPER PENINSULA,10,ALGER,3,0,0,0
CENSUS,2017,YEAR,COUNTY,MICHIGAN,26,UPPER PENINSULA,10,CHIPPEWA,33,0,0,0
CENSUS,2017,YEAR,COUNTY,MICHIGAN,26,UPPER PENINSULA,10,DELTA,41,802,"39,903",1406144.626
CENSUS,2017,YEAR,COUNTY,MICHIGAN,26,UPPER PENINSULA,10,HOUGHTON,61,250,0,0
CENSUS,2017,YEAR,COUNTY,MICHIGAN,26,UPPER PENINSULA,10,IRON,71,150,"5,174",182326.9502
CENSUS,2017,YEAR,COUNTY,MICHIGAN,26,UPPER PENINSULA,10,MACKINAC,97,0,0,0
CENSUS,2017,YEAR,COUNTY,MICHIGAN,26,UPPER PENINSULA,10,MARQUETTE,103,0,0,0
CENSUS,2017,YEAR,COUNTY,MICHIGAN,26,UPPER PENINSULA,10,MENOMINEE,109,752,"35,513",1251445.107
CENSUS,2017,YEAR,COUNTY,MICHIGAN,26,UPPER PENINSULA,10,ONTONAGON,131,0,0,0
CENSUS,2017,YEAR,COUNTY,MICHIGAN,26,UPPER PENINSULA,10,SCHOOLCRAFT,153,0,0,0
CENSUS,2017,YEAR,COUNTY,MICHIGAN,26,WEST CENTRAL,40,NEWAYGO,123,0,0,0
CENSUS,2017,YEAR,COUNTY,MICHIGAN,26,WEST CENTRAL,40,OCEANA,127,0,0,0
CENSUS,2017,YEAR,COUNTY,MINNESOTA,27,CENTRAL,50,BENTON,9,199,"12,561",442637.9633
CENSUS,2017,YEAR,COUNTY,MINNESOTA,27,CENTRAL,50,KANDIYOHI,67,116,"6,455",227468.1994
CENSUS,2017,YEAR,COUNTY,MINNESOTA,27,CENTRAL,50,MCLEOD,85,50,"2,840",100078.9599
CENSUS,2017,YEAR,COUNTY,MINNESOTA,27,CENTRAL,50,MEEKER,93,308,"21,603",761269.6379
CENSUS,2017,YEAR,COUNTY,MINNESOTA,27,CENTRAL,50,MORRISON,97,236,"12,004",423009.8011
CENSUS,2017,YEAR,COUNTY,MINNESOTA,27,CENTRAL,50,RENVILLE,129,274,"14,282",503284.4035
CENSUS,2017,YEAR,COUNTY,MINNESOTA,27,CENTRAL,50,SCOTT,139,0,0,0
CENSUS,2017,YEAR,COUNTY,MINNESOTA,27,CENTRAL,50,SIBLEY,143,634,"37,713",1328971.062
CENSUS,2017,YEAR,COUNTY,MINNESOTA,27,CENTRAL,50,STEARNS,145,"1,693","1,02,326",3605873.118
CENSUS,2017,YEAR,COUNTY,MINNESOTA,27,CENTRAL,50,TODD,153,"1,273","63,419",2234826.606
CENSUS,2017,YEAR,COUNTY,MINNESOTA,27,CENTRAL,50,WADENA,159,0,0,0
CENSUS,2017,YEAR,COUNTY,MINNESOTA,27,CENTRAL,50,WRIGHT,171,0,0,0
CENSUS,2017,YEAR,COUNTY,MINNESOTA,27,EAST CENTRAL,60,CARLTON,17,47,"2,256",79499.34282
CENSUS,2017,YEAR,COUNTY,MINNESOTA,27,EAST CENTRAL,60,CHISAGO,25,0,0,0
CENSUS,2017,YEAR,COUNTY,MINNESOTA,27,EAST CENTRAL,60,HENNEPIN,53,5,116,4087.732166
CENSUS,2017,YEAR,COUNTY,MINNESOTA,27,EAST CENTRAL,60,KANABEC,65,20,"1,800",63430.32672
CENSUS,2017,YEAR,COUNTY,MINNESOTA,27,EAST CENTRAL,60,MILLE LACS,95,0,0,0
CENSUS,2017,YEAR,COUNTY,MINNESOTA,27,EAST CENTRAL,60,PINE,115,126,"6,058",213478.2885
CENSUS,2017,YEAR,COUNTY,MINNESOTA,27,EAST CENTRAL,60,RAMSEY,123,0,0,0
CENSUS,2017,YEAR,COUNTY,MINNESOTA,27,EAST CENTRAL,60,WASHINGTON,163,46,"2,950",103955.2577
CENSUS,2017,YEAR,COUNTY,MINNESOTA,27,NORTH CENTRAL,20,BELTRAMI,7,232,"15,448",544373.1595
CENSUS,2017,YEAR,COUNTY,MINNESOTA,27,NORTH CENTRAL,20,CASS,21,0,0,0
CENSUS,2017,YEAR,COUNTY,MINNESOTA,27,NORTH CENTRAL,20,ITASCA,61,10,332,11699.37137
CENSUS,2017,YEAR,COUNTY,MINNESOTA,27,NORTH CENTRAL,20,KOOCHICHING,71,0,0,0
CENSUS,2017,YEAR,COUNTY,MINNESOTA,27,NORTH CENTRAL,20,LAKE OF THE WOODS,77,"1,328","1,22,640",4321719.594
CENSUS,2017,YEAR,COUNTY,MINNESOTA,27,NORTHEAST,30,ST. LOUIS,137,212,"6,490",228701.5669
CENSUS,2017,YEAR,COUNTY,MINNESOTA,27,NORTHWEST,10,BECKER,5,69,"5,568",196211.144
CENSUS,2017,YEAR,COUNTY,MINNESOTA,27,NORTHWEST,10,CLAY,27,"1,200","1,03,358",3642239.838
CENSUS,2017,YEAR,COUNTY,MINNESOTA,27,NORTHWEST,10,CLEARWATER,29,92,"6,720",236806.5531
CENSUS,2017,YEAR,COUNTY,MINNESOTA,27,NORTHWEST,10,KITTSON,69,"3,251","2,84,900",10039611.16
CENSUS,2017,YEAR,COUNTY,MINNESOTA,27,NORTHWEST,10,MAHNOMEN,87,0,0,0
CENSUS,2017,YEAR,COUNTY,MINNESOTA,27,NORTHWEST,10,MARSHALL,89,"16,770","14,36,587",50623990.43
CENSUS,2017,YEAR,COUNTY,MINNESOTA,27,NORTHWEST,10,NORMAN,107,"4,963","4,19,928",14797872.35
CENSUS,2017,YEAR,COUNTY,MINNESOTA,27,NORTHWEST,10,PENNINGTON,113,"6,448","5,95,022",20968022.15
CENSUS,2017,YEAR,COUNTY,MINNESOTA,27,NORTHWEST,10,POLK,119,"5,331","4,64,200",16357976.48
CENSUS,2017,YEAR,COUNTY,MINNESOTA,27,NORTHWEST,10,RED LAKE,125,"3,863","3,62,568",12776559.28
CENSUS,2017,YEAR,COUNTY,MINNESOTA,27,NORTHWEST,10,ROSEAU,135,"9,689","6,19,549",21832330.83
CENSUS,2017,YEAR,COUNTY,MINNESOTA,27,SOUTH CENTRAL,80,BLUE EARTH,13,0,0,0
CENSUS,2017,YEAR,COUNTY,MINNESOTA,27,SOUTH CENTRAL,80,BROWN,15,97,"5,888",207487.6465
CENSUS,2017,YEAR,COUNTY,MINNESOTA,27,SOUTH CENTRAL,80,FARIBAULT,43,129,"9,073",319724.0857
CENSUS,2017,YEAR,COUNTY,MINNESOTA,27,SOUTH CENTRAL,80,FREEBORN,47,61,"2,886",101699.9572
CENSUS,2017,YEAR,COUNTY,MINNESOTA,27,SOUTH CENTRAL,80,LE SUEUR,79,0,0,0
CENSUS,2017,YEAR,COUNTY,MINNESOTA,27,SOUTH CENTRAL,80,MARTIN,91,0,0,0
CENSUS,2017,YEAR,COUNTY,MINNESOTA,27,SOUTH CENTRAL,80,NICOLLET,103,0,0,0
CENSUS,2017,YEAR,COUNTY,MINNESOTA,27,SOUTH CENTRAL,80,RICE,131,151,"6,050",213196.3759
CENSUS,2017,YEAR,COUNTY,MINNESOTA,27,SOUTH CENTRAL,80,STEELE,147,0,0,0
CENSUS,2017,YEAR,COUNTY,MINNESOTA,27,SOUTH CENTRAL,80,WATONWAN,165,0,0,0
CENSUS,2017,YEAR,COUNTY,MINNESOTA,27,SOUTHEAST,90,DAKOTA,37,244,"12,150",428154.7054
CENSUS,2017,YEAR,COUNTY,MINNESOTA,27,SOUTHEAST,90,DODGE,39,184,"9,437",332551.1074
CENSUS,2017,YEAR,COUNTY,MINNESOTA,27,SOUTHEAST,90,FILLMORE,45,226,"19,175",675709.1749
CENSUS,2017,YEAR,COUNTY,MINNESOTA,27,SOUTHEAST,90,GOODHUE,49,396,"25,384",894508.563
CENSUS,2017,YEAR,COUNTY,MINNESOTA,27,SOUTHEAST,90,HOUSTON,55,40,"1,360",47925.13574
CENSUS,2017,YEAR,COUNTY,MINNESOTA,27,SOUTHEAST,90,MOWER,99,349,"17,414",613653.1719
CENSUS,2017,YEAR,COUNTY,MINNESOTA,27,SOUTHEAST,90,OLMSTED,109,108,"5,039",177569.6757
CENSUS,2017,YEAR,COUNTY,MINNESOTA,27,SOUTHEAST,90,WABASHA,157,581,"27,950",984932.0177
CENSUS,2017,YEAR,COUNTY,MINNESOTA,27,SOUTHEAST,90,WINONA,169,451,"19,725",695090.6636
CENSUS,2017,YEAR,COUNTY,MINNESOTA,27,SOUTHWEST,70,COTTONWOOD,33,36,"2,490",87745.2853
CENSUS,2017,YEAR,COUNTY,MINNESOTA,27,SOUTHWEST,70,JACKSON,63,0,0,0
CENSUS,2017,YEAR,COUNTY,MINNESOTA,27,SOUTHWEST,70,LINCOLN,81,0,0,0
CENSUS,2017,YEAR,COUNTY,MINNESOTA,27,SOUTHWEST,70,LYON,83,0,0,0
CENSUS,2017,YEAR,COUNTY,MINNESOTA,27,SOUTHWEST,70,MURRAY,101,0,0,0
CENSUS,2017,YEAR,COUNTY,MINNESOTA,27,SOUTHWEST,70,PIPESTONE,117,0,0,0
CENSUS,2017,YEAR,COUNTY,MINNESOTA,27,WEST CENTRAL,40,CHIPPEWA,23,0,0,0
CENSUS,2017,YEAR,COUNTY,MINNESOTA,27,WEST CENTRAL,40,DOUGLAS,41,0,0,0
CENSUS,2017,YEAR,COUNTY,MINNESOTA,27,WEST CENTRAL,40,GRANT,51,0,0,0
CENSUS,2017,YEAR,COUNTY,MINNESOTA,27,WEST CENTRAL,40,LAC QUI PARLE,73,142,"3,660",128974.9977
CENSUS,2017,YEAR,COUNTY,MINNESOTA,27,WEST CENTRAL,40,OTTER TAIL,111,"1,115","84,118",2964240.124
CENSUS,2017,YEAR,COUNTY,MINNESOTA,27,WEST CENTRAL,40,STEVENS,149,0,0,0
CENSUS,2017,YEAR,COUNTY,MINNESOTA,27,WEST CENTRAL,40,SWIFT,151,0,0,0
CENSUS,2017,YEAR,COUNTY,MINNESOTA,27,WEST CENTRAL,40,WILKIN,167,"2,404","2,02,458",7134431.715
CENSUS,2017,YEAR,COUNTY,MINNESOTA,27,WEST CENTRAL,40,YELLOW MEDICINE,173,0,0,0
CENSUS,2017,YEAR,COUNTY,MISSOURI,29,CENTRAL,50,COLE,51,0,0,0
CENSUS,2017,YEAR,COUNTY,MISSOURI,29,CENTRAL,50,LACLEDE,105,0,0,0
CENSUS,2017,YEAR,COUNTY,MISSOURI,29,CENTRAL,50,MARIES,125,171,"9,042",318631.6746
CENSUS,2017,YEAR,COUNTY,MISSOURI,29,CENTRAL,50,MONITEAU,135,147,"10,100",355914.611
CENSUS,2017,YEAR,COUNTY,MISSOURI,29,CENTRAL,50,MORGAN,141,347,"23,486",827624.8074
CENSUS,2017,YEAR,COUNTY,MISSOURI,29,CENTRAL,50,OSAGE,151,68,"4,828",170134.2319
CENSUS,2017,YEAR,COUNTY,MISSOURI,29,CENTRAL,50,PETTIS,159,0,0,0
CENSUS,2017,YEAR,COUNTY,MISSOURI,29,EAST,60,GASCONADE,73,0,0,0
CENSUS,2017,YEAR,COUNTY,MISSOURI,29,EAST,60,JEFFERSON,99,76,"3,900",137432.3746
CENSUS,2017,YEAR,COUNTY,MISSOURI,29,EAST,60,PERRY,157,0,0,0
CENSUS,2017,YEAR,COUNTY,MISSOURI,29,EAST,60,ST LOUIS,189,0,0,0
CENSUS,2017,YEAR,COUNTY,MISSOURI,29,NORTH CENTRAL,20,ADAIR,1,0,0,0
CENSUS,2017,YEAR,COUNTY,MISSOURI,29,NORTH CENTRAL,20,LINN,115,6,180,6343.032672
CENSUS,2017,YEAR,COUNTY,MISSOURI,29,NORTH CENTRAL,20,LIVINGSTON,117,0,0,0
CENSUS,2017,YEAR,COUNTY,MISSOURI,29,NORTHEAST,30,KNOX,103,170,"11,300",398201.4955
CENSUS,2017,YEAR,COUNTY,MISSOURI,29,NORTHEAST,30,PIKE,163,0,0,0
CENSUS,2017,YEAR,COUNTY,MISSOURI,29,NORTHEAST,30,SCOTLAND,199,220,"15,400",542681.6842
CENSUS,2017,YEAR,COUNTY,MISSOURI,29,NORTHWEST,10,GENTRY,75,14,250,8809.7676
CENSUS,2017,YEAR,COUNTY,MISSOURI,29,NORTHWEST,10,NODAWAY,147,210,"8,400",296008.1914
CENSUS,2017,YEAR,COUNTY,MISSOURI,29,SOUTHEAST,90,CAPE GIRARDEAU,31,87,"7,087",249739.2919
CENSUS,2017,YEAR,COUNTY,MISSOURI,29,SOUTHWEST,70,BARRY,9,0,0,0
CENSUS,2017,YEAR,COUNTY,MISSOURI,29,SOUTHWEST,70,LAWRENCE,109,630,"61,455",2165617.071
CENSUS,2017,YEAR,COUNTY,MISSOURI,29,SOUTHWEST,70,NEWTON,145,198,"13,980",492642.2042
CENSUS,2017,YEAR,COUNTY,MISSOURI,29,WEST,40,CASS,37,0,0,0
CENSUS,2017,YEAR,COUNTY,MONTANA,30,CENTRAL,50,BROADWATER,7,"2,808","2,57,895",9087980.061
CENSUS,2017,YEAR,COUNTY,MONTANA,30,CENTRAL,50,CASCADE,13,"27,991","15,27,687",53834269.74
CENSUS,2017,YEAR,COUNTY,MONTANA,30,CENTRAL,50,FERGUS,27,"28,052","8,06,411",28417174
CENSUS,2017,YEAR,COUNTY,MONTANA,30,CENTRAL,50,GOLDEN VALLEY,37,0,0,0
CENSUS,2017,YEAR,COUNTY,MONTANA,30,CENTRAL,50,JUDITH BASIN,45,"10,972","3,46,385",12206285.4
CENSUS,2017,YEAR,COUNTY,MONTANA,30,CENTRAL,50,LEWIS AND CLARK,49,"8,502","6,07,136",21394908.25
CENSUS,2017,YEAR,COUNTY,MONTANA,30,CENTRAL,50,MEAGHER,59,"5,725","3,28,120",11562643.78
CENSUS,2017,YEAR,COUNTY,MONTANA,30,CENTRAL,50,MUSSELSHELL,65,"2,935","1,37,360",4840438.71
CENSUS,2017,YEAR,COUNTY,MONTANA,30,CENTRAL,50,PETROLEUM,69,"2,887","1,17,073",4125543.689
CENSUS,2017,YEAR,COUNTY,MONTANA,30,CENTRAL,50,WHEATLAND,107,"6,575","3,11,180",10965693.93
CENSUS,2017,YEAR,COUNTY,MONTANA,30,NORTH CENTRAL,20,BLAINE,5,"9,604","3,01,417",10621654.88
CENSUS,2017,YEAR,COUNTY,MONTANA,30,NORTH CENTRAL,20,CHOUTEAU,15,"55,603","22,55,818",79492929.31
CENSUS,2017,YEAR,COUNTY,MONTANA,30,NORTH CENTRAL,20,GLACIER,35,"54,216","26,09,112",91942681.45
CENSUS,2017,YEAR,COUNTY,MONTANA,30,NORTH CENTRAL,20,HILL,41,"17,039","4,65,940",16419292.46
CENSUS,2017,YEAR,COUNTY,MONTANA,30,NORTH CENTRAL,20,LIBERTY,51,"20,091","6,07,559",21409814.37
CENSUS,2017,YEAR,COUNTY,MONTANA,30,NORTH CENTRAL,20,PHILLIPS,71,"5,498","2,05,989",7258860.873
CENSUS,2017,YEAR,COUNTY,MONTANA,30,NORTH CENTRAL,20,PONDERA,73,"50,625","27,45,796",96759298.55
CENSUS,2017,YEAR,COUNTY,MONTANA,30,NORTH CENTRAL,20,TETON,99,"56,837","46,32,812",163255988.2
CENSUS,2017,YEAR,COUNTY,MONTANA,30,NORTH CENTRAL,20,TOOLE,101,"82,404","31,79,456",112041073.8
CENSUS,2017,YEAR,COUNTY,MONTANA,30,NORTHEAST,30,DANIELS,19,286,"5,021",176935.3725
CENSUS,2017,YEAR,COUNTY,MONTANA,30,NORTHEAST,30,DAWSON,21,"2,302","1,20,328",4240246.863
CENSUS,2017,YEAR,COUNTY,MONTANA,30,NORTHEAST,30,GARFIELD,33,"7,503","2,32,701",8200166.921
CENSUS,2017,YEAR,COUNTY,MONTANA,30,NORTHEAST,30,MCCONE,55,"4,640","1,56,222",5505118.056
CENSUS,2017,YEAR,COUNTY,MONTANA,30,NORTHEAST,30,RICHLAND,83,"4,363","2,58,710",9116699.903
CENSUS,2017,YEAR,COUNTY,MONTANA,30,NORTHEAST,30,ROOSEVELT,85,"2,355","1,00,324",3535324.499
CENSUS,2017,YEAR,COUNTY,MONTANA,30,NORTHEAST,30,SHERIDAN,91,"2,156","71,774",2529249.039
CENSUS,2017,YEAR,COUNTY,MONTANA,30,NORTHEAST,30,VALLEY,105,"5,650","1,77,056",6239288.849
CENSUS,2017,YEAR,COUNTY,MONTANA,30,NORTHWEST,10,FLATHEAD,29,"2,714","1,71,379",6039236.646
CENSUS,2017,YEAR,COUNTY,MONTANA,30,NORTHWEST,10,GRANITE,39,0,0,0
CENSUS,2017,YEAR,COUNTY,MONTANA,30,NORTHWEST,10,LAKE,47,675,"41,539",1463795.745
CENSUS,2017,YEAR,COUNTY,MONTANA,30,NORTHWEST,10,LINCOLN,53,0,0,0
CENSUS,2017,YEAR,COUNTY,MONTANA,30,NORTHWEST,10,MINERAL,61,0,0,0
CENSUS,2017,YEAR,COUNTY,MONTANA,30,NORTHWEST,10,MISSOULA,63,0,0,0
CENSUS,2017,YEAR,COUNTY,MONTANA,30,NORTHWEST,10,POWELL,77,680,"49,200",1733762.264
CENSUS,2017,YEAR,COUNTY,MONTANA,30,NORTHWEST,10,RAVALLI,81,323,"22,605",796579.1864
CENSUS,2017,YEAR,COUNTY,MONTANA,30,NORTHWEST,10,SANDERS,89,0,0,0
CENSUS,2017,YEAR,COUNTY,MONTANA,30,SOUTH CENTRAL,80,BIG HORN,3,"11,129","8,73,789",30791512.09
CENSUS,2017,YEAR,COUNTY,MONTANA,30,SOUTH CENTRAL,80,CARBON,9,"11,896","12,82,271",45186038.04
CENSUS,2017,YEAR,COUNTY,MONTANA,30,SOUTH CENTRAL,80,PARK,67,"4,979","2,92,243",10298371.65
CENSUS,2017,YEAR,COUNTY,MONTANA,30,SOUTH CENTRAL,80,STILLWATER,95,"3,127","1,56,439",5512764.934
CENSUS,2017,YEAR,COUNTY,MONTANA,30,SOUTH CENTRAL,80,SWEET GRASS,97,0,0,0
CENSUS,2017,YEAR,COUNTY,MONTANA,30,SOUTH CENTRAL,80,TREASURE,103,"6,593","8,41,863",29666469.52
CENSUS,2017,YEAR,COUNTY,MONTANA,30,SOUTH CENTRAL,80,YELLOWSTONE,111,"16,742","15,52,259",54700164.18
CENSUS,2017,YEAR,COUNTY,MONTANA,30,SOUTHEAST,90,CARTER,11,600,"20,607",726171.5237
CENSUS,2017,YEAR,COUNTY,MONTANA,30,SOUTHEAST,90,CUSTER,17,764,"26,795",944230.8914
CENSUS,2017,YEAR,COUNTY,MONTANA,30,SOUTHEAST,90,FALLON,25,798,"26,316",927351.3766
CENSUS,2017,YEAR,COUNTY,MONTANA,30,SOUTHEAST,90,POWDER RIVER,75,"1,434","53,190",1874366.155
CENSUS,2017,YEAR,COUNTY,MONTANA,30,SOUTHEAST,90,PRAIRIE,79,"1,777","33,866",1193406.358
CENSUS,2017,YEAR,COUNTY,MONTANA,30,SOUTHEAST,90,ROSEBUD,87,"4,142","4,41,451",15556322.87
CENSUS,2017,YEAR,COUNTY,MONTANA,30,SOUTHEAST,90,WIBAUX,109,"1,168","56,276",1983113.926
CENSUS,2017,YEAR,COUNTY,MONTANA,30,SOUTHWEST,70,BEAVERHEAD,1,"8,392","9,20,100",32423468.68
CENSUS,2017,YEAR,COUNTY,MONTANA,30,SOUTHWEST,70,GALLATIN,31,"31,738","21,89,161",77143998.6
CENSUS,2017,YEAR,COUNTY,MONTANA,30,SOUTHWEST,70,MADISON,57,"5,015","4,06,610",14328558.42
CENSUS,2017,YEAR,COUNTY,NEBRASKA,31,EAST,60,HAMILTON,81,0,0,0
CENSUS,2017,YEAR,COUNTY,NEBRASKA,31,EAST,60,LANCASTER,109,0,0,0
CENSUS,2017,YEAR,COUNTY,NEBRASKA,31,NORTHWEST,10,BANNER,7,750,"24,750",872166.9924
CENSUS,2017,YEAR,COUNTY,NEBRASKA,31,NORTHWEST,10,CHEYENNE,33,162,"13,800",486299.1715
CENSUS,2017,YEAR,COUNTY,NEBRASKA,31,NORTHWEST,10,GARDEN,69,0,0,0
CENSUS,2017,YEAR,COUNTY,NEBRASKA,31,NORTHWEST,10,KIMBALL,105,825,"29,425",1036909.647
CENSUS,2017,YEAR,COUNTY,NEBRASKA,31,NORTHWEST,10,SHERIDAN,161,0,0,0
CENSUS,2017,YEAR,COUNTY,NEBRASKA,31,NORTHWEST,10,SIOUX,165,0,0,0
CENSUS,2017,YEAR,COUNTY,NEBRASKA,31,SOUTH,80,FRANKLIN,61,0,0,0
CENSUS,2017,YEAR,COUNTY,NEBRASKA,31,SOUTH,80,HARLAN,83,0,0,0
CENSUS,2017,YEAR,COUNTY,NEBRASKA,31,SOUTHEAST,90,NEMAHA,127,16,"1,314",46304.13851
CENSUS,2017,YEAR,COUNTY,NEBRASKA,31,SOUTHWEST,70,CHASE,29,0,0,0
CENSUS,2017,YEAR,COUNTY,NEBRASKA,31,SOUTHWEST,70,PERKINS,135,0,0,0
CENSUS,2017,YEAR,COUNTY,NEVADA,32,NORTHEAST,30,ELKO,7,0,0,0
CENSUS,2017,YEAR,COUNTY,NEVADA,32,NORTHEAST,30,EUREKA,11,500,"52,646",1855196.1
CENSUS,2017,YEAR,COUNTY,NEVADA,32,NORTHWEST,10,CHURCHILL,1,0,0,0
CENSUS,2017,YEAR,COUNTY,NEVADA,32,NORTHWEST,10,HUMBOLDT,13,0,0,0
CENSUS,2017,YEAR,COUNTY,NEVADA,32,NORTHWEST,10,PERSHING,27,615,"32,220",1135402.848
CENSUS,2017,YEAR,COUNTY,NEW JERSEY,34,CENTRAL,50,BURLINGTON,5,0,0,0
CENSUS,2017,YEAR,COUNTY,NEW JERSEY,34,CENTRAL,50,MIDDLESEX,23,0,0,0
CENSUS,2017,YEAR,COUNTY,NEW JERSEY,34,CENTRAL,50,MONMOUTH,25,0,0,0
CENSUS,2017,YEAR,COUNTY,NEW JERSEY,34,NORTH,20,HUNTERDON,19,0,0,0
CENSUS,2017,YEAR,COUNTY,NEW JERSEY,34,NORTH,20,SUSSEX,37,0,0,0
CENSUS,2017,YEAR,COUNTY,NEW JERSEY,34,NORTH,20,WARREN,41,0,0,0
CENSUS,2017,YEAR,COUNTY,NEW JERSEY,34,SOUTH,80,CUMBERLAND,11,119,"7,586",267323.5881
CENSUS,2017,YEAR,COUNTY,NEW JERSEY,34,SOUTH,80,GLOUCESTER,15,380,"22,690",799574.5074
CENSUS,2017,YEAR,COUNTY,NEW JERSEY,34,SOUTH,80,SALEM,33,427,"26,261",925413.2278
CENSUS,2017,YEAR,COUNTY,NEW MEXICO,35,NORTHEAST,30,CURRY,9,0,0,0
CENSUS,2017,YEAR,COUNTY,NEW MEXICO,35,NORTHEAST,30,MORA,33,0,0,0
CENSUS,2017,YEAR,COUNTY,NEW MEXICO,35,NORTHWEST,10,TAOS,55,0,0,0
CENSUS,2017,YEAR,COUNTY,NEW MEXICO,35,SOUTHEAST,90,CHAVES,5,717,"90,681",3195514.143
CENSUS,2017,YEAR,COUNTY,NEW MEXICO,35,SOUTHWEST,70,LUNA,29,0,0,0
CENSUS,2017,YEAR,COUNTY,NEW YORK,36,CENTRAL,50,CAYUGA,11,797,"31,482",1109396.414
CENSUS,2017,YEAR,COUNTY,NEW YORK,36,CENTRAL,50,CHENANGO,17,78,"2,010",70830.5315
CENSUS,2017,YEAR,COUNTY,NEW YORK,36,CENTRAL,50,CORTLAND,23,170,"6,012",211857.2912
CENSUS,2017,YEAR,COUNTY,NEW YORK,36,CENTRAL,50,HERKIMER,43,116,"5,875",207029.5386
CENSUS,2017,YEAR,COUNTY,NEW YORK,36,CENTRAL,50,MADISON,53,"1,279","57,235",2016908.194
CENSUS,2017,YEAR,COUNTY,NEW YORK,36,CENTRAL,50,ONEIDA,65,0,0,0
CENSUS,2017,YEAR,COUNTY,NEW YORK,36,CENTRAL,50,ONONDAGA,67,707,"33,436",1178253.558
CENSUS,2017,YEAR,COUNTY,NEW YORK,36,CENTRAL,50,OSWEGO,75,0,0,0
CENSUS,2017,YEAR,COUNTY,NEW YORK,36,CENTRAL,50,OTSEGO,77,0,0,0
CENSUS,2017,YEAR,COUNTY,NEW YORK,36,EASTERN,60,ALBANY,1,0,0,0
CENSUS,2017,YEAR,COUNTY,NEW YORK,36,EASTERN,60,MONTGOMERY,57,202,"1,140",40172.54026
CENSUS,2017,YEAR,COUNTY,NEW YORK,36,EASTERN,60,RENSSELAER,83,40,0,0
CENSUS,2017,YEAR,COUNTY,NEW YORK,36,EASTERN,60,SARATOGA,91,0,0,0
CENSUS,2017,YEAR,COUNTY,NEW YORK,36,EASTERN,60,SCHOHARIE,95,90,"4,292",151246.0902
CENSUS,2017,YEAR,COUNTY,NEW YORK,36,EASTERN,60,WASHINGTON,115,133,"4,385",154523.3237
CENSUS,2017,YEAR,COUNTY,NEW YORK,36,LONG ISLAND,91,SUFFOLK,103,26,"1,040",36648.63322
CENSUS,2017,YEAR,COUNTY,NEW YORK,36,NORTHEAST,30,ESSEX,31,3,105,3700.102392
CENSUS,2017,YEAR,COUNTY,NEW YORK,36,NORTHEAST,30,FRANKLIN,33,309,"17,296",609494.9616
CENSUS,2017,YEAR,COUNTY,NEW YORK,36,NORTHERN,20,JEFFERSON,45,77,"3,719",131054.1028
CENSUS,2017,YEAR,COUNTY,NEW YORK,36,NORTHERN,20,LEWIS,49,128,"5,439",191665.3039
CENSUS,2017,YEAR,COUNTY,NEW YORK,36,NORTHERN,20,ST LAWRENCE,89,383,"13,297",468573.9191
CENSUS,2017,YEAR,COUNTY,NEW YORK,36,SOUTHEAST,90,COLUMBIA,21,0,0,0
CENSUS,2017,YEAR,COUNTY,NEW YORK,36,SOUTHEAST,90,DELAWARE,25,11,370,13038.45605
CENSUS,2017,YEAR,COUNTY,NEW YORK,36,SOUTHEAST,90,DUTCHESS,27,0,0,0
CENSUS,2017,YEAR,COUNTY,NEW YORK,36,SOUTHEAST,90,ORANGE,71,235,"12,205",430092.8542
CENSUS,2017,YEAR,COUNTY,NEW YORK,36,SOUTHEAST,90,ULSTER,111,0,0,0
CENSUS,2017,YEAR,COUNTY,NEW YORK,36,SOUTHEAST,90,WESTCHESTER,119,0,105,3700.102392
CENSUS,2017,YEAR,COUNTY,NEW YORK,36,SOUTHERN,80,SCHUYLER,97,218,0,0
CENSUS,2017,YEAR,COUNTY,NEW YORK,36,SOUTHERN,80,TIOGA,107,0,0,0
CENSUS,2017,YEAR,COUNTY,NEW YORK,36,SOUTHERN,80,TOMPKINS,109,0,0,0
CENSUS,2017,YEAR,COUNTY,NEW YORK,36,SOUTHWEST,70,ALLEGANY,3,0,0,0
CENSUS,2017,YEAR,COUNTY,NEW YORK,36,SOUTHWEST,70,CHAUTAUQUA,13,0,0,0
CENSUS,2017,YEAR,COUNTY,NEW YORK,36,SOUTHWEST,70,STEUBEN,101,"1,383","76,378",2691489.719
CENSUS,2017,YEAR,COUNTY,NEW YORK,36,WESTERN,40,ERIE,29,0,0,0
CENSUS,2017,YEAR,COUNTY,NEW YORK,36,WESTERN,40,GENESEE,37,139,"6,224",219327.9742
CENSUS,2017,YEAR,COUNTY,NEW YORK,36,WESTERN,40,MONROE,55,0,0,0
CENSUS,2017,YEAR,COUNTY,NEW YORK,36,WESTERN,40,NIAGARA,63,0,0,0
CENSUS,2017,YEAR,COUNTY,NEW YORK,36,WESTERN,40,ONTARIO,69,202,"10,627",374485.6011
CENSUS,2017,YEAR,COUNTY,NEW YORK,36,WESTERN,40,ORLEANS,73,221,"18,371",647376.9623
CENSUS,2017,YEAR,COUNTY,NEW YORK,36,WESTERN,40,SENECA,99,"1,040","59,610",2100600.987
CENSUS,2017,YEAR,COUNTY,NEW YORK,36,WESTERN,40,WAYNE,117,0,0,0
CENSUS,2017,YEAR,COUNTY,NEW YORK,36,WESTERN,40,WYOMING,121,134,"5,624",198184.5319
CENSUS,2017,YEAR,COUNTY,NEW YORK,36,WESTERN,40,YATES,123,589,"45,087",1588823.967
CENSUS,2017,YEAR,COUNTY,NORTH CAROLINA,37,CENTRAL COASTAL,80,BEAUFORT,13,0,0,0
CENSUS,2017,YEAR,COUNTY,NORTH CAROLINA,37,CENTRAL COASTAL,80,GREENE,79,0,0,0
CENSUS,2017,YEAR,COUNTY,NORTH CAROLINA,37,CENTRAL COASTAL,80,JOHNSTON,101,628,"27,817",980245.2213
CENSUS,2017,YEAR,COUNTY,NORTH CAROLINA,37,CENTRAL PIEDMONT,50,ALEXANDER,3,0,0,0
CENSUS,2017,YEAR,COUNTY,NORTH CAROLINA,37,CENTRAL PIEDMONT,50,CATAWBA,35,268,"17,346",611256.9152
CENSUS,2017,YEAR,COUNTY,NORTH CAROLINA,37,CENTRAL PIEDMONT,50,CHATHAM,37,340,"19,648",692377.2552
CENSUS,2017,YEAR,COUNTY,NORTH CAROLINA,37,CENTRAL PIEDMONT,50,DAVIDSON,57,574,"24,410",860185.7085
CENSUS,2017,YEAR,COUNTY,NORTH CAROLINA,37,CENTRAL PIEDMONT,50,DAVIE,59,279,"13,249",466882.4437
CENSUS,2017,YEAR,COUNTY,NORTH CAROLINA,37,CENTRAL PIEDMONT,50,IREDELL,97,565,"32,497",1145164.071
CENSUS,2017,YEAR,COUNTY,NORTH CAROLINA,37,CENTRAL PIEDMONT,50,RANDOLPH,151,581,"18,243",642866.3613
CENSUS,2017,YEAR,COUNTY,NORTH CAROLINA,37,CENTRAL PIEDMONT,50,ROWAN,159,"2,558","1,84,807",6512426.883
CENSUS,2017,YEAR,COUNTY,NORTH CAROLINA,37,CENTRAL PIEDMONT,50,WAKE,183,0,0,0
CENSUS,2017,YEAR,COUNTY,NORTH CAROLINA,37,NORTHERN COASTAL,70,NASH,127,0,0,0
CENSUS,2017,YEAR,COUNTY,NORTH CAROLINA,37,NORTHERN MOUNTAIN,10,SURRY,171,0,0,0
CENSUS,2017,YEAR,COUNTY,NORTH CAROLINA,37,NORTHERN MOUNTAIN,10,WILKES,193,196,"13,900",489823.0786
CENSUS,2017,YEAR,COUNTY,NORTH CAROLINA,37,NORTHERN MOUNTAIN,10,YADKIN,197,998,"56,594",1994319.95
CENSUS,2017,YEAR,COUNTY,NORTH CAROLINA,37,NORTHERN PIEDMONT,40,ALAMANCE,1,0,0,0
CENSUS,2017,YEAR,COUNTY,NORTH CAROLINA,37,NORTHERN PIEDMONT,40,CASWELL,33,0,0,0
CENSUS,2017,YEAR,COUNTY,NORTH CAROLINA,37,NORTHERN PIEDMONT,40,FORSYTH,67,0,0,0
CENSUS,2017,YEAR,COUNTY,NORTH CAROLINA,37,NORTHERN PIEDMONT,40,GUILFORD,81,345,"29,027",1022884.497
CENSUS,2017,YEAR,COUNTY,NORTH CAROLINA,37,NORTHERN PIEDMONT,40,ORANGE,135,0,0,0
CENSUS,2017,YEAR,COUNTY,NORTH CAROLINA,37,NORTHERN PIEDMONT,40,PERSON,145,0,0,0
CENSUS,2017,YEAR,COUNTY,NORTH CAROLINA,37,NORTHERN PIEDMONT,40,ROCKINGHAM,157,0,0,0
CENSUS,2017,YEAR,COUNTY,NORTH CAROLINA,37,NORTHERN PIEDMONT,40,WARREN,185,80,"4,600",162099.7238
CENSUS,2017,YEAR,COUNTY,NORTH CAROLINA,37,SOUTHERN COASTAL,90,HARNETT,85,0,0,0
CENSUS,2017,YEAR,COUNTY,NORTH CAROLINA,37,SOUTHERN COASTAL,90,SAMPSON,163,0,0,0
CENSUS,2017,YEAR,COUNTY,NORTH CAROLINA,37,SOUTHERN PIEDMONT,60,ANSON,7,0,0,0
CENSUS,2017,YEAR,COUNTY,NORTH CAROLINA,37,SOUTHERN PIEDMONT,60,CABARRUS,25,683,"27,286",961533.2749
CENSUS,2017,YEAR,COUNTY,NORTH CAROLINA,37,SOUTHERN PIEDMONT,60,CLEVELAND,45,134,"11,920",420049.7192
CENSUS,2017,YEAR,COUNTY,NORTH CAROLINA,37,SOUTHERN PIEDMONT,60,GASTON,71,0,0,0
CENSUS,2017,YEAR,COUNTY,NORTH CAROLINA,37,SOUTHERN PIEDMONT,60,LINCOLN,109,33,"1,800",63430.32672
CENSUS,2017,YEAR,COUNTY,NORTH CAROLINA,37,SOUTHERN PIEDMONT,60,MOORE,125,0,0,0
CENSUS,2017,YEAR,COUNTY,NORTH CAROLINA,37,SOUTHERN PIEDMONT,60,STANLY,167,197,"15,340",540567.3399
CENSUS,2017,YEAR,COUNTY,NORTH CAROLINA,37,WESTERN MOUNTAIN,20,BUNCOMBE,21,51,"3,471",122314.8134
CENSUS,2017,YEAR,COUNTY,NORTH CAROLINA,37,WESTERN MOUNTAIN,20,POLK,149,0,0,0
CENSUS,2017,YEAR,COUNTY,NORTH DAKOTA,38,CENTRAL,50,EDDY,27,"3,789","2,95,246",10404194.58
CENSUS,2017,YEAR,COUNTY,NORTH DAKOTA,38,CENTRAL,50,FOSTER,31,"11,354","8,85,993",31221569.7
CENSUS,2017,YEAR,COUNTY,NORTH DAKOTA,38,CENTRAL,50,KIDDER,43,"6,308","3,49,971",12332652.71
CENSUS,2017,YEAR,COUNTY,NORTH DAKOTA,38,CENTRAL,50,SHERIDAN,83,"16,515","8,98,307",31655503.61
CENSUS,2017,YEAR,COUNTY,NORTH DAKOTA,38,CENTRAL,50,STUTSMAN,93,"8,314","5,62,419",19819122.74
CENSUS,2017,YEAR,COUNTY,NORTH DAKOTA,38,CENTRAL,50,WELLS,103,"13,705","8,63,730",30437042.28
CENSUS,2017,YEAR,COUNTY,NORTH DAKOTA,38,EAST CENTRAL,60,BARNES,3,"11,471","9,37,279",33028840.67
CENSUS,2017,YEAR,COUNTY,NORTH DAKOTA,38,EAST CENTRAL,60,CASS,17,"12,082","10,72,404",37790520.05
CENSUS,2017,YEAR,COUNTY,NORTH DAKOTA,38,EAST CENTRAL,60,GRIGGS,39,"6,289","4,77,290",16819255.91
CENSUS,2017,YEAR,COUNTY,NORTH DAKOTA,38,EAST CENTRAL,60,STEELE,91,"10,090","8,46,095",29815601.27
CENSUS,2017,YEAR,COUNTY,NORTH DAKOTA,38,EAST CENTRAL,60,TRAILL,97,"12,857","10,90,078",38413335.38
CENSUS,2017,YEAR,COUNTY,NORTH DAKOTA,38,NORTH CENTRAL,20,BENSON,5,"25,857","19,39,168",68334477.67
CENSUS,2017,YEAR,COUNTY,NORTH DAKOTA,38,NORTH CENTRAL,20,BOTTINEAU,9,"20,219","13,00,384",45824323.32
CENSUS,2017,YEAR,COUNTY,NORTH DAKOTA,38,NORTH CENTRAL,20,MCHENRY,49,"10,686","5,69,425",20066007.66
CENSUS,2017,YEAR,COUNTY,NORTH DAKOTA,38,NORTH CENTRAL,20,PIERCE,69,"17,649","12,84,608",45268391.75
CENSUS,2017,YEAR,COUNTY,NORTH DAKOTA,38,NORTH CENTRAL,20,ROLETTE,79,"8,790","5,87,751",20711798.87
CENSUS,2017,YEAR,COUNTY,NORTH DAKOTA,38,NORTHEAST,30,CAVALIER,19,"15,798","11,97,237",42189518.93
CENSUS,2017,YEAR,COUNTY,NORTH DAKOTA,38,NORTHEAST,30,GRAND FORKS,35,"5,215","3,61,621",12743187.88
CENSUS,2017,YEAR,COUNTY,NORTH DAKOTA,38,NORTHEAST,30,NELSON,63,"10,537","8,34,512",29407427.12
CENSUS,2017,YEAR,COUNTY,NORTH DAKOTA,38,NORTHEAST,30,PEMBINA,67,"4,929","4,48,111",15791015.08
CENSUS,2017,YEAR,COUNTY,NORTH DAKOTA,38,NORTHEAST,30,RAMSEY,71,"31,443","25,92,668",91363210.18
CENSUS,2017,YEAR,COUNTY,NORTH DAKOTA,38,NORTHEAST,30,TOWNER,95,"8,030","4,48,084",15790063.62
CENSUS,2017,YEAR,COUNTY,NORTH DAKOTA,38,NORTHEAST,30,WALSH,99,"10,864","8,96,356",31586752.19
CENSUS,2017,YEAR,COUNTY,NORTH DAKOTA,38,NORTHWEST,10,BURKE,13,"10,660","6,52,822",23004840.42
CENSUS,2017,YEAR,COUNTY,NORTH DAKOTA,38,NORTHWEST,10,DIVIDE,23,985,"42,480",1496955.711
CENSUS,2017,YEAR,COUNTY,NORTH DAKOTA,38,NORTHWEST,10,MOUNTRAIL,61,"7,479","4,35,431",15344183.66
CENSUS,2017,YEAR,COUNTY,NORTH DAKOTA,38,NORTHWEST,10,RENVILLE,75,"25,532","17,37,134",61214987.32
CENSUS,2017,YEAR,COUNTY,NORTH DAKOTA,38,NORTHWEST,10,WARD,101,"15,316","7,79,066",27453561.62
CENSUS,2017,YEAR,COUNTY,NORTH DAKOTA,38,NORTHWEST,10,WILLIAMS,105,"11,521","5,60,982",19768484.19
CENSUS,2017,YEAR,COUNTY,NORTH DAKOTA,38,SOUTH CENTRAL,80,BURLEIGH,15,"16,645","7,69,496",27116323.72
CENSUS,2017,YEAR,COUNTY,NORTH DAKOTA,38,SOUTH CENTRAL,80,EMMONS,29,"7,019","2,95,622",10417444.47
CENSUS,2017,YEAR,COUNTY,NORTH DAKOTA,38,SOUTH CENTRAL,80,GRANT,37,0,0,0
CENSUS,2017,YEAR,COUNTY,NORTH DAKOTA,38,SOUTH CENTRAL,80,MORTON,59,"8,050","4,04,978",14271048.25
CENSUS,2017,YEAR,COUNTY,NORTH DAKOTA,38,SOUTH CENTRAL,80,SIOUX,85,472,"23,200",817546.4333
CENSUS,2017,YEAR,COUNTY,NORTH DAKOTA,38,SOUTHEAST,90,DICKEY,21,"2,403","1,61,960",5707319.842
CENSUS,2017,YEAR,COUNTY,NORTH DAKOTA,38,SOUTHEAST,90,LA MOURE,45,"2,563","1,39,815",4926950.628
CENSUS,2017,YEAR,COUNTY,NORTH DAKOTA,38,SOUTHEAST,90,LOGAN,47,"3,305","1,36,564",4812388.41
CENSUS,2017,YEAR,COUNTY,NORTH DAKOTA,38,SOUTHEAST,90,MCINTOSH,51,672,"21,600",761163.9206
CENSUS,2017,YEAR,COUNTY,NORTH DAKOTA,38,SOUTHEAST,90,RANSOM,73,0,0,0
CENSUS,2017,YEAR,COUNTY,NORTH DAKOTA,38,SOUTHEAST,90,RICHLAND,77,639,"59,593",2100001.922
CENSUS,2017,YEAR,COUNTY,NORTH DAKOTA,38,SOUTHEAST,90,SARGENT,81,"3,372","2,68,220",9451823.463
CENSUS,2017,YEAR,COUNTY,NORTH DAKOTA,38,SOUTHWEST,70,ADAMS,1,"2,091","89,356",3148822.375
CENSUS,2017,YEAR,COUNTY,NORTH DAKOTA,38,SOUTHWEST,70,BILLINGS,7,"2,610","92,480",3258909.231
CENSUS,2017,YEAR,COUNTY,NORTH DAKOTA,38,SOUTHWEST,70,BOWMAN,11,"5,561","2,04,829",7217983.551
CENSUS,2017,YEAR,COUNTY,NORTH DAKOTA,38,SOUTHWEST,70,GOLDEN VALLEY,33,652,"25,407",895319.0617
CENSUS,2017,YEAR,COUNTY,NORTH DAKOTA,38,SOUTHWEST,70,HETTINGER,41,"1,013","39,340",1386305.03
CENSUS,2017,YEAR,COUNTY,NORTH DAKOTA,38,SOUTHWEST,70,SLOPE,87,"2,241","95,229",3355781.435
CENSUS,2017,YEAR,COUNTY,NORTH DAKOTA,38,SOUTHWEST,70,STARK,89,"2,446","72,834",2566602.454
CENSUS,2017,YEAR,COUNTY,NORTH DAKOTA,38,WEST CENTRAL,40,DUNN,25,"6,909","2,91,153",10259961.06
CENSUS,2017,YEAR,COUNTY,NORTH DAKOTA,38,WEST CENTRAL,40,MCKENZIE,53,"6,744","2,63,798",9295996.293
CENSUS,2017,YEAR,COUNTY,NORTH DAKOTA,38,WEST CENTRAL,40,MCLEAN,55,"7,528","4,39,190",15476647.33
CENSUS,2017,YEAR,COUNTY,NORTH DAKOTA,38,WEST CENTRAL,40,MERCER,57,"6,977","2,98,248",10509982.27
CENSUS,2017,YEAR,COUNTY,NORTH DAKOTA,38,WEST CENTRAL,40,OLIVER,65,"2,353","91,800",3234946.663
CENSUS,2017,YEAR,COUNTY,OHIO,39,CENTRAL,50,DELAWARE,41,0,0,0
CENSUS,2017,YEAR,COUNTY,OHIO,39,CENTRAL,50,FAIRFIELD,45,46,"3,880",136727.5932
CENSUS,2017,YEAR,COUNTY,OHIO,39,CENTRAL,50,FAYETTE,47,0,0,0
CENSUS,2017,YEAR,COUNTY,OHIO,39,CENTRAL,50,KNOX,83,70,"3,280",115584.1509
CENSUS,2017,YEAR,COUNTY,OHIO,39,CENTRAL,50,LICKING,89,78,"6,070",213901.1573
CENSUS,2017,YEAR,COUNTY,OHIO,39,CENTRAL,50,MORROW,117,0,0,0
CENSUS,2017,YEAR,COUNTY,OHIO,39,CENTRAL,50,PICKAWAY,129,69,"4,820",169852.3193
CENSUS,2017,YEAR,COUNTY,OHIO,39,CENTRAL,50,ROSS,141,64,"4,433",156214.7991
CENSUS,2017,YEAR,COUNTY,OHIO,39,CENTRAL,50,UNION,159,0,0,0
CENSUS,2017,YEAR,COUNTY,OHIO,39,EAST CENTRAL,60,COSHOCTON,31,0,0,0
CENSUS,2017,YEAR,COUNTY,OHIO,39,EAST CENTRAL,60,HOLMES,75,149,"9,382",330612.9585
CENSUS,2017,YEAR,COUNTY,OHIO,39,EAST CENTRAL,60,JEFFERSON,81,43,"1,863",65650.38816
CENSUS,2017,YEAR,COUNTY,OHIO,39,NORTH CENTRAL,20,ASHLAND,5,47,"2,028",71464.83477
CENSUS,2017,YEAR,COUNTY,OHIO,39,NORTH CENTRAL,20,CRAWFORD,33,0,0,0
CENSUS,2017,YEAR,COUNTY,OHIO,39,NORTH CENTRAL,20,ERIE,43,0,0,0
CENSUS,2017,YEAR,COUNTY,OHIO,39,NORTH CENTRAL,20,HURON,77,0,0,0
CENSUS,2017,YEAR,COUNTY,OHIO,39,NORTH CENTRAL,20,RICHLAND,139,278,"22,900",806974.7122
CENSUS,2017,YEAR,COUNTY,OHIO,39,NORTH CENTRAL,20,SANDUSKY,143,0,0,0
CENSUS,2017,YEAR,COUNTY,OHIO,39,NORTH CENTRAL,20,WYANDOT,175,59,"3,003",105822.9284
CENSUS,2017,YEAR,COUNTY,OHIO,39,NORTHEAST,30,ASHTABULA,7,0,0,0
CENSUS,2017,YEAR,COUNTY,OHIO,39,NORTHEAST,30,COLUMBIANA,29,115,"7,340",258654.7767
CENSUS,2017,YEAR,COUNTY,OHIO,39,NORTHEAST,30,GEAUGA,55,8,200,7047.81408
CENSUS,2017,YEAR,COUNTY,OHIO,39,NORTHEAST,30,MAHONING,99,129,"6,860",241740.0229
CENSUS,2017,YEAR,COUNTY,OHIO,39,NORTHEAST,30,MEDINA,103,0,0,0
CENSUS,2017,YEAR,COUNTY,OHIO,39,NORTHEAST,30,STARK,151,38,"1,920",67659.01517
CENSUS,2017,YEAR,COUNTY,OHIO,39,NORTHEAST,30,TRUMBULL,155,0,0,0
CENSUS,2017,YEAR,COUNTY,OHIO,39,NORTHEAST,30,WAYNE,169,656,"48,155",1696937.435
CENSUS,2017,YEAR,COUNTY,OHIO,39,NORTHWEST,10,FULTON,51,5,250,8809.7676
CENSUS,2017,YEAR,COUNTY,OHIO,39,NORTHWEST,10,LUCAS,95,0,0,0
CENSUS,2017,YEAR,COUNTY,OHIO,39,NORTHWEST,10,PUTNAM,137,204,"18,620",656151.4908
CENSUS,2017,YEAR,COUNTY,OHIO,39,NORTHWEST,10,WOOD,173,0,0,0
CENSUS,2017,YEAR,COUNTY,OHIO,39,SOUTH CENTRAL,80,HIGHLAND,71,0,0,0
CENSUS,2017,YEAR,COUNTY,OHIO,39,SOUTH CENTRAL,80,JACKSON,79,0,0,0
CENSUS,2017,YEAR,COUNTY,OHIO,39,SOUTHEAST,90,GUERNSEY,59,0,0,0
CENSUS,2017,YEAR,COUNTY,OHIO,39,SOUTHEAST,90,MEIGS,105,0,0,0
CENSUS,2017,YEAR,COUNTY,OHIO,39,SOUTHEAST,90,MONROE,111,48,"3,050",107479.1647
CENSUS,2017,YEAR,COUNTY,OHIO,39,SOUTHEAST,90,MORGAN,115,47,"2,800",98669.39712
CENSUS,2017,YEAR,COUNTY,OHIO,39,SOUTHEAST,90,MUSKINGUM,119,0,0,0
CENSUS,2017,YEAR,COUNTY,OHIO,39,SOUTHEAST,90,WASHINGTON,167,50,"2,903",102299.0214
CENSUS,2017,YEAR,COUNTY,OHIO,39,SOUTHWEST,70,BUTLER,17,0,0,0
CENSUS,2017,YEAR,COUNTY,OHIO,39,SOUTHWEST,70,GREENE,57,60,"3,801",133943.7066
CENSUS,2017,YEAR,COUNTY,OHIO,39,SOUTHWEST,70,PREBLE,135,129,"6,198",218411.7583
CENSUS,2017,YEAR,COUNTY,OHIO,39,WEST CENTRAL,40,AUGLAIZE,11,89,"7,580",267112.1536
CENSUS,2017,YEAR,COUNTY,OHIO,39,WEST CENTRAL,40,CLARK,23,0,0,0
CENSUS,2017,YEAR,COUNTY,OHIO,39,WEST CENTRAL,40,DARKE,37,0,0,0
CENSUS,2017,YEAR,COUNTY,OHIO,39,WEST CENTRAL,40,HARDIN,65,0,0,0
CENSUS,2017,YEAR,COUNTY,OHIO,39,WEST CENTRAL,40,MIAMI,109,0,0,0
CENSUS,2017,YEAR,COUNTY,OHIO,39,WEST CENTRAL,40,SHELBY,149,0,0,0
CENSUS,2017,YEAR,COUNTY,OKLAHOMA,40,CENTRAL,50,CANADIAN,17,0,0,0
CENSUS,2017,YEAR,COUNTY,OKLAHOMA,40,CENTRAL,50,GRADY,51,0,0,0
CENSUS,2017,YEAR,COUNTY,OKLAHOMA,40,CENTRAL,50,KINGFISHER,73,0,0,0
CENSUS,2017,YEAR,COUNTY,OKLAHOMA,40,NORTH CENTRAL,40,GARFIELD,47,0,0,0
CENSUS,2017,YEAR,COUNTY,OKLAHOMA,40,NORTH CENTRAL,40,GRANT,53,0,0,0
CENSUS,2017,YEAR,COUNTY,OKLAHOMA,40,NORTH CENTRAL,40,KAY,71,480,"12,800",451060.1011
CENSUS,2017,YEAR,COUNTY,OKLAHOMA,40,NORTH CENTRAL,40,NOBLE,103,0,0,0
CENSUS,2017,YEAR,COUNTY,OKLAHOMA,40,NORTH CENTRAL,40,WOODS,151,0,0,0
CENSUS,2017,YEAR,COUNTY,OKLAHOMA,40,NORTHEAST,70,CRAIG,35,0,0,0
CENSUS,2017,YEAR,COUNTY,OKLAHOMA,40,NORTHEAST,70,MAYES,97,0,0,0
CENSUS,2017,YEAR,COUNTY,OKLAHOMA,40,NORTHEAST,70,WAGONER,145,960,"57,600",2029770.455
CENSUS,2017,YEAR,COUNTY,OKLAHOMA,40,PANHANDLE,10,CIMARRON,25,0,0,0
CENSUS,2017,YEAR,COUNTY,OKLAHOMA,40,PANHANDLE,10,TEXAS,139,0,0,0
CENSUS,2017,YEAR,COUNTY,OKLAHOMA,40,SOUTHWEST,30,GREER,55,0,0,0
CENSUS,2017,YEAR,COUNTY,OKLAHOMA,40,SOUTHWEST,30,JACKSON,65,0,0,0
CENSUS,2017,YEAR,COUNTY,OKLAHOMA,40,SOUTHWEST,30,KIOWA,75,"3,363","1,37,810",4856296.292
CENSUS,2017,YEAR,COUNTY,OKLAHOMA,40,SOUTHWEST,30,TILLMAN,141,0,0,0
CENSUS,2017,YEAR,COUNTY,OKLAHOMA,40,WEST CENTRAL,20,DEWEY,43,0,0,0
CENSUS,2017,YEAR,COUNTY,OREGON,41,NORTH CENTRAL,20,GILLIAM,21,"1,072","28,021",987433.9917
CENSUS,2017,YEAR,COUNTY,OREGON,41,NORTH CENTRAL,20,MORROW,49,"2,760","81,713",2879490.16
CENSUS,2017,YEAR,COUNTY,OREGON,41,NORTH CENTRAL,20,SHERMAN,55,"4,746","2,22,181",7829451.901
CENSUS,2017,YEAR,COUNTY,OREGON,41,NORTH CENTRAL,20,WASCO,65,866,"34,432",1213351.672
CENSUS,2017,YEAR,COUNTY,OREGON,41,NORTHEAST,30,BAKER,1,730,"55,320",1949425.375
CENSUS,2017,YEAR,COUNTY,OREGON,41,NORTHEAST,30,UMATILLA,59,"2,722","1,08,123",3810154.009
CENSUS,2017,YEAR,COUNTY,OREGON,41,NORTHEAST,30,UNION,61,"3,598","2,09,320",7376242.216
CENSUS,2017,YEAR,COUNTY,OREGON,41,NORTHEAST,30,WALLOWA,63,"2,188","85,886",3026542.8
CENSUS,2017,YEAR,COUNTY,OREGON,41,NORTHWEST,10,BENTON,3,15,645,22729.20041
CENSUS,2017,YEAR,COUNTY,OREGON,41,NORTHWEST,10,CLACKAMAS,5,75,"2,863",100889.4586
CENSUS,2017,YEAR,COUNTY,OREGON,41,NORTHWEST,10,LINN,43,0,0,0
CENSUS,2017,YEAR,COUNTY,OREGON,41,NORTHWEST,10,MARION,47,211,"12,738",448875.2788
CENSUS,2017,YEAR,COUNTY,OREGON,41,NORTHWEST,10,POLK,53,733,"45,619",1607571.153
CENSUS,2017,YEAR,COUNTY,OREGON,41,NORTHWEST,10,WASHINGTON,67,609,"49,781",1754236.164
CENSUS,2017,YEAR,COUNTY,OREGON,41,NORTHWEST,10,YAMHILL,71,86,"5,185",182714.58
CENSUS,2017,YEAR,COUNTY,OREGON,41,SOUTHEAST,80,DESCHUTES,17,0,0,0
CENSUS,2017,YEAR,COUNTY,OREGON,41,SOUTHEAST,80,GRANT,23,0,0,0
CENSUS,2017,YEAR,COUNTY,OREGON,41,SOUTHEAST,80,JEFFERSON,31,51,0,0
CENSUS,2017,YEAR,COUNTY,OREGON,41,SOUTHEAST,80,KLAMATH,35,"17,203","11,69,961",41228338.04
CENSUS,2017,YEAR,COUNTY,OREGON,41,SOUTHEAST,80,LAKE,37,134,0,0
CENSUS,2017,YEAR,COUNTY,OREGON,41,SOUTHEAST,80,MALHEUR,45,463,"25,077",883690.1684
CENSUS,2017,YEAR,COUNTY,OREGON,41,SOUTHWEST,70,DOUGLAS,19,15,600,21143.44224
CENSUS,2017,YEAR,COUNTY,OREGON,41,SOUTHWEST,70,JACKSON,29,79,0,0
CENSUS,2017,YEAR,COUNTY,PENNSYLVANIA,42,CENTRAL,50,BLAIR,13,510,"35,964",1267337.928
CENSUS,2017,YEAR,COUNTY,PENNSYLVANIA,42,CENTRAL,50,CAMBRIA,21,210,"13,186",464662.3823
CENSUS,2017,YEAR,COUNTY,PENNSYLVANIA,42,CENTRAL,50,CENTRE,27,243,"16,082",566714.7302
CENSUS,2017,YEAR,COUNTY,PENNSYLVANIA,42,CENTRAL,50,CLEARFIELD,33,0,0,0
CENSUS,2017,YEAR,COUNTY,PENNSYLVANIA,42,CENTRAL,50,COLUMBIA,37,0,0,0
CENSUS,2017,YEAR,COUNTY,PENNSYLVANIA,42,CENTRAL,50,DAUPHIN,43,603,"46,444",1636643.386
CENSUS,2017,YEAR,COUNTY,PENNSYLVANIA,42,CENTRAL,50,HUNTINGDON,61,290,"19,135",674299.6121
CENSUS,2017,YEAR,COUNTY,PENNSYLVANIA,42,CENTRAL,50,JUNIATA,67,287,"19,980",704076.6266
CENSUS,2017,YEAR,COUNTY,PENNSYLVANIA,42,CENTRAL,50,MIFFLIN,87,435,"30,772",1084376.674
CENSUS,2017,YEAR,COUNTY,PENNSYLVANIA,42,CENTRAL,50,MONTOUR,93,170,"12,300",433440.5659
CENSUS,2017,YEAR,COUNTY,PENNSYLVANIA,42,CENTRAL,50,NORTHUMBERLAND,97,"2,036","1,63,827",5773111.186
CENSUS,2017,YEAR,COUNTY,PENNSYLVANIA,42,CENTRAL,50,PERRY,99,"1,641","1,16,654",4110778.518
CENSUS,2017,YEAR,COUNTY,PENNSYLVANIA,42,CENTRAL,50,SNYDER,109,927,"64,795",2283315.567
CENSUS,2017,YEAR,COUNTY,PENNSYLVANIA,42,CENTRAL,50,UNION,119,372,"24,454",861736.2276
CENSUS,2017,YEAR,COUNTY,PENNSYLVANIA,42,EAST CENTRAL,60,CARBON,25,0,0,0
CENSUS,2017,YEAR,COUNTY,PENNSYLVANIA,42,EAST CENTRAL,60,LEHIGH,77,446,"36,891",1300004.546
CENSUS,2017,YEAR,COUNTY,PENNSYLVANIA,42,EAST CENTRAL,60,NORTHAMPTON,95,209,"15,043",530101.336
CENSUS,2017,YEAR,COUNTY,PENNSYLVANIA,42,EAST CENTRAL,60,SCHUYLKILL,107,645,"48,342",1703527.141
CENSUS,2017,YEAR,COUNTY,PENNSYLVANIA,42,NORTH CENTRAL,20,BRADFORD,15,39,"1,800",63430.32672
CENSUS,2017,YEAR,COUNTY,PENNSYLVANIA,42,NORTH CENTRAL,20,CAMERON,23,0,0,0
CENSUS,2017,YEAR,COUNTY,PENNSYLVANIA,42,NORTH CENTRAL,20,CLINTON,35,0,0,0
CENSUS,2017,YEAR,COUNTY,PENNSYLVANIA,42,NORTH CENTRAL,20,ELK,47,0,0,0
CENSUS,2017,YEAR,COUNTY,PENNSYLVANIA,42,NORTH CENTRAL,20,LYCOMING,81,123,"5,785",203858.0223
CENSUS,2017,YEAR,COUNTY,PENNSYLVANIA,42,NORTH CENTRAL,20,POTTER,105,76,"4,700",165623.6309
CENSUS,2017,YEAR,COUNTY,PENNSYLVANIA,42,NORTH CENTRAL,20,TIOGA,117,349,"21,648",762855.396
CENSUS,2017,YEAR,COUNTY,PENNSYLVANIA,42,NORTHWESTERN,10,CRAWFORD,39,131,"4,224",148849.8334
CENSUS,2017,YEAR,COUNTY,PENNSYLVANIA,42,NORTHWESTERN,10,ERIE,49,0,0,0
CENSUS,2017,YEAR,COUNTY,PENNSYLVANIA,42,NORTHWESTERN,10,MERCER,85,82,"4,033",142119.1709
CENSUS,2017,YEAR,COUNTY,PENNSYLVANIA,42,NORTHWESTERN,10,VENANGO,121,0,0,0
CENSUS,2017,YEAR,COUNTY,PENNSYLVANIA,42,SOUTH CENTRAL,80,ADAMS,1,"1,094","66,941",2358938.612
CENSUS,2017,YEAR,COUNTY,PENNSYLVANIA,42,SOUTH CENTRAL,80,BEDFORD,9,"1,342","99,693",3513088.645
CENSUS,2017,YEAR,COUNTY,PENNSYLVANIA,42,SOUTH CENTRAL,80,CUMBERLAND,41,"2,893","2,22,262",7832306.265
CENSUS,2017,YEAR,COUNTY,PENNSYLVANIA,42,SOUTH CENTRAL,80,FRANKLIN,55,"7,350","4,91,800",17330574.82
CENSUS,2017,YEAR,COUNTY,PENNSYLVANIA,42,SOUTH CENTRAL,80,FULTON,57,798,"54,194",1909746.181
CENSUS,2017,YEAR,COUNTY,PENNSYLVANIA,42,SOUTH CENTRAL,80,YORK,133,"4,706","3,70,774",13065731.09
CENSUS,2017,YEAR,COUNTY,PENNSYLVANIA,42,SOUTHEASTERN,90,BERKS,11,"2,895","2,05,413",7238563.168
CENSUS,2017,YEAR,COUNTY,PENNSYLVANIA,42,SOUTHEASTERN,90,BUCKS,17,189,"11,454",403628.3124
CENSUS,2017,YEAR,COUNTY,PENNSYLVANIA,42,SOUTHEASTERN,90,CHESTER,29,925,"79,044",2785437.081
CENSUS,2017,YEAR,COUNTY,PENNSYLVANIA,42,SOUTHEASTERN,90,LANCASTER,71,"5,503","4,55,767",16060805.4
CENSUS,2017,YEAR,COUNTY,PENNSYLVANIA,42,SOUTHEASTERN,90,LEBANON,75,"2,039","1,59,053",5604879.864
CENSUS,2017,YEAR,COUNTY,PENNSYLVANIA,42,SOUTHEASTERN,90,MONTGOMERY,91,0,0,0
CENSUS,2017,YEAR,COUNTY,PENNSYLVANIA,42,SOUTHWESTERN,70,FAYETTE,51,46,"2,333",82212.75124
CENSUS,2017,YEAR,COUNTY,PENNSYLVANIA,42,SOUTHWESTERN,70,GREENE,59,0,0,0
CENSUS,2017,YEAR,COUNTY,PENNSYLVANIA,42,SOUTHWESTERN,70,SOMERSET,111,264,"15,660",551843.8425
CENSUS,2017,YEAR,COUNTY,PENNSYLVANIA,42,SOUTHWESTERN,70,WASHINGTON,125,13,725,25548.32604
CENSUS,2017,YEAR,COUNTY,PENNSYLVANIA,42,SOUTHWESTERN,70,WESTMORELAND,129,573,"25,310",891900.8718
CENSUS,2017,YEAR,COUNTY,PENNSYLVANIA,42,WEST CENTRAL,40,ARMSTRONG,5,708,"28,418",1001423.903
CENSUS,2017,YEAR,COUNTY,PENNSYLVANIA,42,WEST CENTRAL,40,BEAVER,7,81,"3,865",136199.0071
CENSUS,2017,YEAR,COUNTY,PENNSYLVANIA,42,WEST CENTRAL,40,BUTLER,19,112,"5,970",210377.2503
CENSUS,2017,YEAR,COUNTY,PENNSYLVANIA,42,WEST CENTRAL,40,CLARION,31,54,"2,080",73297.26643
CENSUS,2017,YEAR,COUNTY,PENNSYLVANIA,42,WEST CENTRAL,40,INDIANA,63,0,0,0
CENSUS,2017,YEAR,COUNTY,PENNSYLVANIA,42,WEST CENTRAL,40,JEFFERSON,65,213,"13,205",465331.9246
CENSUS,2017,YEAR,COUNTY,PENNSYLVANIA,42,WEST CENTRAL,40,LAWRENCE,73,10,500,17619.5352
CENSUS,2017,YEAR,COUNTY,SOUTH CAROLINA,45,EASTERN,30,HORRY,51,0,0,0
CENSUS,2017,YEAR,COUNTY,SOUTH CAROLINA,45,NORTHWEST,10,ANDERSON,7,0,0,0
CENSUS,2017,YEAR,COUNTY,SOUTH CAROLINA,45,NORTHWEST,10,GREENVILLE,45,0,0,0
CENSUS,2017,YEAR,COUNTY,SOUTH CAROLINA,45,NORTHWEST,10,OCONEE,73,0,0,0
CENSUS,2017,YEAR,COUNTY,SOUTH CAROLINA,45,WEST CENTRAL,40,MCCORMICK,65,0,0,0
CENSUS,2017,YEAR,COUNTY,SOUTH CAROLINA,45,WEST CENTRAL,40,NEWBERRY,71,0,0,0
CENSUS,2017,YEAR,COUNTY,SOUTH DAKOTA,46,CENTRAL,50,AURORA,3,0,0,0
CENSUS,2017,YEAR,COUNTY,SOUTH DAKOTA,46,CENTRAL,50,HAND,59,0,0,0
CENSUS,2017,YEAR,COUNTY,SOUTH DAKOTA,46,NORTH CENTRAL,20,BROWN,13,0,0,0
CENSUS,2017,YEAR,COUNTY,SOUTH DAKOTA,46,NORTH CENTRAL,20,EDMUNDS,45,0,0,0
CENSUS,2017,YEAR,COUNTY,SOUTH DAKOTA,46,NORTH CENTRAL,20,MCPHERSON,89,"1,250","62,164",2190601.572
CENSUS,2017,YEAR,COUNTY,SOUTH DAKOTA,46,NORTH CENTRAL,20,SPINK,115,941,"49,011",1727102.079
CENSUS,2017,YEAR,COUNTY,SOUTH DAKOTA,46,NORTH CENTRAL,20,WALWORTH,129,0,0,0
CENSUS,2017,YEAR,COUNTY,SOUTH DAKOTA,46,NORTHEAST,30,MARSHALL,91,0,0,0
CENSUS,2017,YEAR,COUNTY,SOUTH DAKOTA,46,NORTHEAST,30,ROBERTS,109,692,"37,412",1318364.102
CENSUS,2017,YEAR,COUNTY,SOUTH DAKOTA,46,NORTHWEST,10,BUTTE,19,0,0,0
CENSUS,2017,YEAR,COUNTY,SOUTH DAKOTA,46,NORTHWEST,10,CORSON,31,0,0,0
CENSUS,2017,YEAR,COUNTY,SOUTH DAKOTA,46,NORTHWEST,10,DEWEY,41,0,0,0
CENSUS,2017,YEAR,COUNTY,SOUTH DAKOTA,46,NORTHWEST,10,HARDING,63,896,"24,084",848697.7715
CENSUS,2017,YEAR,COUNTY,SOUTH DAKOTA,46,NORTHWEST,10,PERKINS,105,"1,650","59,166",2084954.839
CENSUS,2017,YEAR,COUNTY,SOUTH DAKOTA,46,SOUTH CENTRAL,80,JONES,75,"2,200","1,00,000",3523907.04
CENSUS,2017,YEAR,COUNTY,SOUTH DAKOTA,46,SOUTHEAST,90,CHARLES MIX,23,160,"4,800",169147.5379
CENSUS,2017,YEAR,COUNTY,SOUTH DAKOTA,46,WEST CENTRAL,40,HAAKON,55,996,"94,620",3334320.841
CENSUS,2017,YEAR,COUNTY,SOUTH DAKOTA,46,WEST CENTRAL,40,LAWRENCE,81,0,0,0
CENSUS,2017,YEAR,COUNTY,SOUTH DAKOTA,46,WEST CENTRAL,40,MEADE,93,"1,385","28,913",1018867.242
CENSUS,2017,YEAR,COUNTY,SOUTH DAKOTA,46,WEST CENTRAL,40,STANLEY,117,0,0,0
CENSUS,2017,YEAR,COUNTY,TENNESSEE,47,CENTRAL BASIN,40,LINCOLN,103,0,0,0
CENSUS,2017,YEAR,COUNTY,TENNESSEE,47,CENTRAL BASIN,40,RUTHERFORD,149,0,0,0
CENSUS,2017,YEAR,COUNTY,TENNESSEE,47,CENTRAL BASIN,40,SUMNER,165,0,0,0
CENSUS,2017,YEAR,COUNTY,TENNESSEE,47,CUMBERLAND PLATEAU,50,GRUNDY,61,0,0,0
CENSUS,2017,YEAR,COUNTY,TENNESSEE,47,EAST TENNESSEE,60,MONROE,123,0,0,0
CENSUS,2017,YEAR,COUNTY,TENNESSEE,47,EAST TENNESSEE,60,WASHINGTON,179,18,900,31715.16336
CENSUS,2017,YEAR,COUNTY,TENNESSEE,47,WEST TENNESSEE,20,HENRY,79,0,0,0
CENSUS,2017,YEAR,COUNTY,TENNESSEE,47,WEST TENNESSEE,20,WEAKLEY,183,0,0,0
CENSUS,2017,YEAR,COUNTY,TENNESSEE,47,WESTERN RIM,30,ROBERTSON,147,0,0,0
CENSUS,2017,YEAR,COUNTY,TEXAS,48,BLACKLANDS,40,COOKE,97,0,0,0
CENSUS,2017,YEAR,COUNTY,TEXAS,48,BLACKLANDS,40,DENTON,121,0,0,0
CENSUS,2017,YEAR,COUNTY,TEXAS,48,BLACKLANDS,40,HILL,217,0,0,0
CENSUS,2017,YEAR,COUNTY,TEXAS,48,CROSS TIMBERS,30,MONTAGUE,337,0,0,0
CENSUS,2017,YEAR,COUNTY,TEXAS,48,CROSS TIMBERS,30,PARKER,367,0,0,0
CENSUS,2017,YEAR,COUNTY,TEXAS,48,CROSS TIMBERS,30,WISE,497,0,0,0
CENSUS,2017,YEAR,COUNTY,TEXAS,48,CROSS TIMBERS,30,YOUNG,503,0,0,0
CENSUS,2017,YEAR,COUNTY,TEXAS,48,EAST TEXAS NORTH,51,HOPKINS,223,0,0,0
CENSUS,2017,YEAR,COUNTY,TEXAS,48,EAST TEXAS NORTH,51,RUSK,401,0,0,0
CENSUS,2017,YEAR,COUNTY,TEXAS,48,EDWARDS PLATEAU,70,CONCHO,95,418,0,0
CENSUS,2017,YEAR,COUNTY,TEXAS,48,EDWARDS PLATEAU,70,GILLESPIE,171,0,0,0
CENSUS,2017,YEAR,COUNTY,TEXAS,48,NORTHERN HIGH PLAINS,11,CASTRO,69,0,0,0
CENSUS,2017,YEAR,COUNTY,TEXAS,48,NORTHERN HIGH PLAINS,11,DALLAM,111,"1,619","2,03,000",7153531.291
CENSUS,2017,YEAR,COUNTY,TEXAS,48,NORTHERN HIGH PLAINS,11,DEAF SMITH,117,0,0,0
CENSUS,2017,YEAR,COUNTY,TEXAS,48,NORTHERN HIGH PLAINS,11,FLOYD,153,0,0,0
CENSUS,2017,YEAR,COUNTY,TEXAS,48,NORTHERN HIGH PLAINS,11,PARMER,369,"5,272","3,18,047",11207680.62
CENSUS,2017,YEAR,COUNTY,TEXAS,48,NORTHERN LOW PLAINS,21,CHILDRESS,75,0,0,0
CENSUS,2017,YEAR,COUNTY,TEXAS,48,SOUTH CENTRAL,81,BEXAR,29,0,0,0
CENSUS,2017,YEAR,COUNTY,TEXAS,48,SOUTHERN HIGH PLAINS,12,GAINES,165,0,0,0
CENSUS,2017,YEAR,COUNTY,TEXAS,48,SOUTHERN HIGH PLAINS,12,YOAKUM,501,0,0,0
CENSUS,2017,YEAR,COUNTY,TEXAS,48,SOUTHERN LOW PLAINS,22,RUNNELS,399,0,0,0
CENSUS,2017,YEAR,COUNTY,UTAH,49,CENTRAL,50,JUAB,23,466,"36,268",1278050.605
CENSUS,2017,YEAR,COUNTY,UTAH,49,CENTRAL,50,MILLARD,27,"3,246","2,92,195",10296680.18
CENSUS,2017,YEAR,COUNTY,UTAH,49,CENTRAL,50,SANPETE,39,998,"1,02,869",3625007.933
CENSUS,2017,YEAR,COUNTY,UTAH,49,CENTRAL,50,SEVIER,41,114,"8,240",290369.9401
CENSUS,2017,YEAR,COUNTY,UTAH,49,CENTRAL,50,UTAH,49,"1,706","1,16,226",4095696.196
CENSUS,2017,YEAR,COUNTY,UTAH,49,EASTERN,60,DAGGETT,9,0,0,0
CENSUS,2017,YEAR,COUNTY,UTAH,49,EASTERN,60,DUCHESNE,13,0,0,0
CENSUS,2017,YEAR,COUNTY,UTAH,49,EASTERN,60,EMERY,15,15,702,24737.82742
CENSUS,2017,YEAR,COUNTY,UTAH,49,EASTERN,60,UINTAH,47,698,"36,436",1283970.769
CENSUS,2017,YEAR,COUNTY,UTAH,49,NORTHERN,10,BOX ELDER,3,"2,280","1,74,421",6146433.898
CENSUS,2017,YEAR,COUNTY,UTAH,49,NORTHERN,10,CACHE,5,"8,033","5,76,126",20302144.67
CENSUS,2017,YEAR,COUNTY,UTAH,49,NORTHERN,10,DAVIS,11,0,0,0
CENSUS,2017,YEAR,COUNTY,UTAH,49,NORTHERN,10,MORGAN,29,"1,223","92,568",3262010.269
CENSUS,2017,YEAR,COUNTY,UTAH,49,NORTHERN,10,TOOELE,45,0,0,0
CENSUS,2017,YEAR,COUNTY,UTAH,49,NORTHERN,10,WEBER,57,591,"40,023",1410373.315
CENSUS,2017,YEAR,COUNTY,UTAH,49,SOUTHERN,70,BEAVER,1,0,0,0
CENSUS,2017,YEAR,COUNTY,UTAH,49,SOUTHERN,70,GARFIELD,17,0,0,0
CENSUS,2017,YEAR,COUNTY,UTAH,49,SOUTHERN,70,IRON,21,0,0,0
CENSUS,2017,YEAR,COUNTY,UTAH,49,SOUTHERN,70,PIUTE,31,260,"27,600",972598.343
CENSUS,2017,YEAR,COUNTY,UTAH,49,SOUTHERN,70,WASHINGTON,53,0,0,0
CENSUS,2017,YEAR,COUNTY,UTAH,49,SOUTHERN,70,WAYNE,55,57,"3,529",124358.6794
CENSUS,2017,YEAR,COUNTY,VERMONT,50,ALL COUNTIES,10,ADDISON,1,0,0,0
CENSUS,2017,YEAR,COUNTY,VERMONT,50,ALL COUNTIES,10,GRAND ISLE,13,0,0,0
CENSUS,2017,YEAR,COUNTY,VIRGINIA,51,CENTRAL,50,AMELIA,7,432,"35,843",1263074
CENSUS,2017,YEAR,COUNTY,VIRGINIA,51,CENTRAL,50,APPOMATTOX,11,0,0,0
CENSUS,2017,YEAR,COUNTY,VIRGINIA,51,CENTRAL,50,BEDFORD,19,91,"6,660",234692.2089
CENSUS,2017,YEAR,COUNTY,VIRGINIA,51,CENTRAL,50,CAMPBELL,31,0,0,0
CENSUS,2017,YEAR,COUNTY,VIRGINIA,51,CENTRAL,50,CAROLINE,33,0,0,0
CENSUS,2017,YEAR,COUNTY,VIRGINIA,51,CENTRAL,50,CHESTERFIELD,41,0,0,0
CENSUS,2017,YEAR,COUNTY,VIRGINIA,51,CENTRAL,50,FLUVANNA,65,0,0,0
CENSUS,2017,YEAR,COUNTY,VIRGINIA,51,CENTRAL,50,GREENE,79,48,"2,400",84573.76896
CENSUS,2017,YEAR,COUNTY,VIRGINIA,51,CENTRAL,50,HANOVER,85,889,"69,487",2448657.285
CENSUS,2017,YEAR,COUNTY,VIRGINIA,51,CENTRAL,50,LOUISA,109,0,0,0
CENSUS,2017,YEAR,COUNTY,VIRGINIA,51,CENTRAL,50,ORANGE,137,427,"31,354",1104885.813
CENSUS,2017,YEAR,COUNTY,VIRGINIA,51,CENTRAL,50,POWHATAN,145,0,0,0
CENSUS,2017,YEAR,COUNTY,VIRGINIA,51,CENTRAL,50,PRINCE EDWARD,147,0,0,0
CENSUS,2017,YEAR,COUNTY,VIRGINIA,51,CENTRAL,50,SPOTSYLVANIA,177,204,"12,305",433616.7613
CENSUS,2017,YEAR,COUNTY,VIRGINIA,51,EASTERN,60,ACCOMACK,1,592,"28,602",1007907.892
CENSUS,2017,YEAR,COUNTY,VIRGINIA,51,EASTERN,60,ESSEX,57,"1,270","86,910",3062627.608
CENSUS,2017,YEAR,COUNTY,VIRGINIA,51,EASTERN,60,GLOUCESTER,73,0,0,0
CENSUS,2017,YEAR,COUNTY,VIRGINIA,51,EASTERN,60,KING AND QUEEN,97,0,0,0
CENSUS,2017,YEAR,COUNTY,VIRGINIA,51,EASTERN,60,KING WILLIAM,101,0,0,0
CENSUS,2017,YEAR,COUNTY,VIRGINIA,51,EASTERN,60,LANCASTER,103,0,0,0
CENSUS,2017,YEAR,COUNTY,VIRGINIA,51,EASTERN,60,MIDDLESEX,119,0,0,0
CENSUS,2017,YEAR,COUNTY,VIRGINIA,51,EASTERN,60,NEW KENT,127,0,0,0
CENSUS,2017,YEAR,COUNTY,VIRGINIA,51,EASTERN,60,NORTHAMPTON,131,0,0,0
CENSUS,2017,YEAR,COUNTY,VIRGINIA,51,EASTERN,60,NORTHUMBERLAND,133,130,"8,976",316305.8959
CENSUS,2017,YEAR,COUNTY,VIRGINIA,51,EASTERN,60,RICHMOND,159,259,"20,371",717855.1031
CENSUS,2017,YEAR,COUNTY,VIRGINIA,51,EASTERN,60,WESTMORELAND,193,745,"67,338",2372928.523
CENSUS,2017,YEAR,COUNTY,VIRGINIA,51,NORTHERN,20,CLARKE,43,52,"3,199",112729.7862
CENSUS,2017,YEAR,COUNTY,VIRGINIA,51,NORTHERN,20,CULPEPER,47,602,0,0
CENSUS,2017,YEAR,COUNTY,VIRGINIA,51,NORTHERN,20,FAUQUIER,61,977,"58,666",2067335.304
CENSUS,2017,YEAR,COUNTY,VIRGINIA,51,NORTHERN,20,LOUDOUN,107,0,0,0
CENSUS,2017,YEAR,COUNTY,VIRGINIA,51,NORTHERN,20,MADISON,113,582,"29,595",1042900.288
CENSUS,2017,YEAR,COUNTY,VIRGINIA,51,NORTHERN,20,PAGE,139,671,"46,012",1621420.107
CENSUS,2017,YEAR,COUNTY,VIRGINIA,51,NORTHERN,20,PRINCE WILLIAM,153,0,0,0
CENSUS,2017,YEAR,COUNTY,VIRGINIA,51,NORTHERN,20,ROCKINGHAM,165,570,"43,494",1532688.128
CENSUS,2017,YEAR,COUNTY,VIRGINIA,51,NORTHERN,20,SHENANDOAH,171,633,"48,729",1717164.662
CENSUS,2017,YEAR,COUNTY,VIRGINIA,51,NORTHERN,20,WARREN,187,0,0,0
CENSUS,2017,YEAR,COUNTY,VIRGINIA,51,SOUTHEASTERN,90,DINWIDDIE,53,0,0,0
CENSUS,2017,YEAR,COUNTY,VIRGINIA,51,SOUTHERN,80,CHARLOTTE,37,0,0,0
CENSUS,2017,YEAR,COUNTY,VIRGINIA,51,SOUTHERN,80,FRANKLIN,67,632,"34,176",1204330.47
CENSUS,2017,YEAR,COUNTY,VIRGINIA,51,SOUTHERN,80,NOTTOWAY,135,0,0,0
CENSUS,2017,YEAR,COUNTY,VIRGINIA,51,SOUTHERN,80,PITTSYLVANIA,143,653,"40,055",1411500.965
CENSUS,2017,YEAR,COUNTY,VIRGINIA,51,SOUTHWESTERN,70,MONTGOMERY,121,95,"7,200",253721.3069
CENSUS,2017,YEAR,COUNTY,VIRGINIA,51,SOUTHWESTERN,70,RUSSELL,167,0,0,0
CENSUS,2017,YEAR,COUNTY,VIRGINIA,51,WESTERN,40,AUGUSTA,15,734,"58,050",2045628.037
CENSUS,2017,YEAR,COUNTY,VIRGINIA,51,WESTERN,40,HIGHLAND,91,0,0,0
CENSUS,2017,YEAR,COUNTY,VIRGINIA,51,WESTERN,40,ROCKBRIDGE,163,89,"5,540",195224.45
CENSUS,2017,YEAR,COUNTY,WASHINGTON,53,CENTRAL,20,KITTITAS,37,374,"29,583",1042477.42
CENSUS,2017,YEAR,COUNTY,WASHINGTON,53,CENTRAL,20,KLICKITAT,39,"1,278","58,626",2065925.741
CENSUS,2017,YEAR,COUNTY,WASHINGTON,53,CENTRAL,20,OKANOGAN,47,"1,236","51,562",1816996.948
CENSUS,2017,YEAR,COUNTY,WASHINGTON,53,CENTRAL,20,YAKIMA,77,279,"15,411",543069.3139
CENSUS,2017,YEAR,COUNTY,WASHINGTON,53,EAST CENTRAL,50,DOUGLAS,17,884,"43,525",1533780.539
CENSUS,2017,YEAR,COUNTY,WASHINGTON,53,EAST CENTRAL,50,FRANKLIN,21,421,"43,499",1532864.323
CENSUS,2017,YEAR,COUNTY,WASHINGTON,53,EAST CENTRAL,50,GRANT,25,"2,979","2,10,763",7427092.195
CENSUS,2017,YEAR,COUNTY,WASHINGTON,53,EAST CENTRAL,50,LINCOLN,43,"11,092","5,53,906",19519132.53
CENSUS,2017,YEAR,COUNTY,WASHINGTON,53,NORTHEAST,30,SPOKANE,63,"17,407","7,25,732",25574121.04
CENSUS,2017,YEAR,COUNTY,WASHINGTON,53,NORTHEAST,30,STEVENS,65,"1,827","82,313",2900633.602
CENSUS,2017,YEAR,COUNTY,WASHINGTON,53,SOUTHEAST,90,ASOTIN,3,0,0,0
CENSUS,2017,YEAR,COUNTY,WASHINGTON,53,SOUTHEAST,90,COLUMBIA,13,"1,855","1,07,954",3804198.606
CENSUS,2017,YEAR,COUNTY,WASHINGTON,53,SOUTHEAST,90,GARFIELD,23,"3,578","2,08,322",7341073.624
CENSUS,2017,YEAR,COUNTY,WASHINGTON,53,SOUTHEAST,90,WALLA WALLA,71,683,"38,790",1366923.541
CENSUS,2017,YEAR,COUNTY,WASHINGTON,53,SOUTHEAST,90,WHITMAN,75,"41,643","23,61,288",83209594.07
CENSUS,2017,YEAR,COUNTY,WASHINGTON,53,WESTERN,10,CLALLAM,9,568,"47,310",1667160.421
CENSUS,2017,YEAR,COUNTY,WASHINGTON,53,WESTERN,10,CLARK,11,0,0,0
CENSUS,2017,YEAR,COUNTY,WASHINGTON,53,WESTERN,10,COWLITZ,15,0,0,0
CENSUS,2017,YEAR,COUNTY,WASHINGTON,53,WESTERN,10,GRAYS HARBOR,27,0,0,0
CENSUS,2017,YEAR,COUNTY,WASHINGTON,53,WESTERN,10,ISLAND,29,0,0,0
CENSUS,2017,YEAR,COUNTY,WASHINGTON,53,WESTERN,10,KING,33,0,0,0
CENSUS,2017,YEAR,COUNTY,WASHINGTON,53,WESTERN,10,LEWIS,41,310,"24,823",874739.4445
CENSUS,2017,YEAR,COUNTY,WASHINGTON,53,WESTERN,10,SAN JUAN,55,269,"18,912",666441.2994
CENSUS,2017,YEAR,COUNTY,WASHINGTON,53,WESTERN,10,SKAGIT,57,"4,993","3,70,811",13067034.93
CENSUS,2017,YEAR,COUNTY,WASHINGTON,53,WESTERN,10,SNOHOMISH,61,791,"72,098",2540666.498
CENSUS,2017,YEAR,COUNTY,WASHINGTON,53,WESTERN,10,THURSTON,67,0,0,0
CENSUS,2017,YEAR,COUNTY,WASHINGTON,53,WESTERN,10,WHATCOM,73,0,0,0
CENSUS,2017,YEAR,COUNTY,WEST VIRGINIA,54,EASTERN,60,BERKELEY,3,220,"12,260",432031.0031
CENSUS,2017,YEAR,COUNTY,WEST VIRGINIA,54,EASTERN,60,GREENBRIER,25,0,0,0
CENSUS,2017,YEAR,COUNTY,WEST VIRGINIA,54,EASTERN,60,HAMPSHIRE,27,0,0,0
CENSUS,2017,YEAR,COUNTY,WEST VIRGINIA,54,EASTERN,60,HARDY,31,231,"10,770",379524.7882
CENSUS,2017,YEAR,COUNTY,WEST VIRGINIA,54,EASTERN,60,JEFFERSON,37,256,"15,960",562415.5636
CENSUS,2017,YEAR,COUNTY,WEST VIRGINIA,54,EASTERN,60,MONROE,63,0,0,0
CENSUS,2017,YEAR,COUNTY,WEST VIRGINIA,54,EASTERN,60,MORGAN,65,0,0,0
CENSUS,2017,YEAR,COUNTY,WEST VIRGINIA,54,EASTERN,60,PENDLETON,71,64,"3,454",121715.7492
CENSUS,2017,YEAR,COUNTY,WEST VIRGINIA,54,EASTERN,60,POCAHONTAS,75,0,0,0
CENSUS,2017,YEAR,COUNTY,WEST VIRGINIA,54,EASTERN,60,RANDOLPH,83,0,0,0
CENSUS,2017,YEAR,COUNTY,WEST VIRGINIA,54,NORTHWEST,20,DODDRIDGE,17,73,"2,323",81860.36054
CENSUS,2017,YEAR,COUNTY,WEST VIRGINIA,54,NORTHWEST,20,MONONGALIA,61,32,"1,686",59413.07269
CENSUS,2017,YEAR,COUNTY,WEST VIRGINIA,54,NORTHWEST,20,PRESTON,77,83,"4,225",148885.0724
CENSUS,2017,YEAR,COUNTY,WEST VIRGINIA,54,NORTHWEST,20,TYLER,95,0,0,0
CENSUS,2017,YEAR,COUNTY,WEST VIRGINIA,54,SOUTHWEST,40,MASON,53,0,0,0
CENSUS,2017,YEAR,COUNTY,WEST VIRGINIA,54,SOUTHWEST,40,PUTNAM,79,6,420,14800.40957
CENSUS,2017,YEAR,COUNTY,WISCONSIN,55,CENTRAL,50,ADAMS,1,0,0,0
CENSUS,2017,YEAR,COUNTY,WISCONSIN,55,CENTRAL,50,GREEN LAKE,47,139,"10,547",371666.4755
CENSUS,2017,YEAR,COUNTY,WISCONSIN,55,CENTRAL,50,JUNEAU,57,86,"1,847",65086.56303
CENSUS,2017,YEAR,COUNTY,WISCONSIN,55,CENTRAL,50,MARQUETTE,77,0,0,0
CENSUS,2017,YEAR,COUNTY,WISCONSIN,55,CENTRAL,50,PORTAGE,97,0,0,0
CENSUS,2017,YEAR,COUNTY,WISCONSIN,55,CENTRAL,50,WAUPACA,135,120,"4,635",163333.0913
CENSUS,2017,YEAR,COUNTY,WISCONSIN,55,CENTRAL,50,WAUSHARA,137,0,0,0
CENSUS,2017,YEAR,COUNTY,WISCONSIN,55,CENTRAL,50,WOOD,141,242,"13,259",467234.8344
CENSUS,2017,YEAR,COUNTY,WISCONSIN,55,EAST CENTRAL,60,BROWN,9,85,"4,740",167033.1937
CENSUS,2017,YEAR,COUNTY,WISCONSIN,55,EAST CENTRAL,60,CALUMET,15,124,"7,590",267464.5443
CENSUS,2017,YEAR,COUNTY,WISCONSIN,55,EAST CENTRAL,60,DOOR,29,513,"28,200",993741.7853
CENSUS,2017,YEAR,COUNTY,WISCONSIN,55,EAST CENTRAL,60,FOND DU LAC,39,250,"16,187",570414.8326
CENSUS,2017,YEAR,COUNTY,WISCONSIN,55,EAST CENTRAL,60,KEWAUNEE,61,146,"4,600",162099.7238
CENSUS,2017,YEAR,COUNTY,WISCONSIN,55,EAST CENTRAL,60,MANITOWOC,71,414,"25,029",881998.693
CENSUS,2017,YEAR,COUNTY,WISCONSIN,55,EAST CENTRAL,60,OUTAGAMIE,87,75,"5,090",179366.8683
CENSUS,2017,YEAR,COUNTY,WISCONSIN,55,EAST CENTRAL,60,SHEBOYGAN,117,149,"7,476",263447.2903
CENSUS,2017,YEAR,COUNTY,WISCONSIN,55,EAST CENTRAL,60,WINNEBAGO,139,0,0,0
CENSUS,2017,YEAR,COUNTY,WISCONSIN,55,NORTH CENTRAL,20,CLARK,19,"1,165","39,680",1398286.313
CENSUS,2017,YEAR,COUNTY,WISCONSIN,55,NORTH CENTRAL,20,IRON,51,0,0,0
CENSUS,2017,YEAR,COUNTY,WISCONSIN,55,NORTH CENTRAL,20,LINCOLN,69,445,"14,328",504905.4007
CENSUS,2017,YEAR,COUNTY,WISCONSIN,55,NORTH CENTRAL,20,MARATHON,73,580,"23,498",828047.6763
CENSUS,2017,YEAR,COUNTY,WISCONSIN,55,NORTH CENTRAL,20,ONEIDA,85,79,"3,945",139018.1327
CENSUS,2017,YEAR,COUNTY,WISCONSIN,55,NORTH CENTRAL,20,PRICE,99,60,"2,100",74002.04784
CENSUS,2017,YEAR,COUNTY,WISCONSIN,55,NORTH CENTRAL,20,TAYLOR,119,0,0,0
CENSUS,2017,YEAR,COUNTY,WISCONSIN,55,NORTHEAST,30,FOREST,41,5,300,10571.72112
CENSUS,2017,YEAR,COUNTY,WISCONSIN,55,NORTHEAST,30,LANGLADE,67,501,"33,300",1173461.044
CENSUS,2017,YEAR,COUNTY,WISCONSIN,55,NORTHEAST,30,OCONTO,83,0,0,0
CENSUS,2017,YEAR,COUNTY,WISCONSIN,55,NORTHEAST,30,SHAWANO,115,448,"19,845",699319.3521
CENSUS,2017,YEAR,COUNTY,WISCONSIN,55,NORTHWEST,10,BARRON,5,209,"12,965",456874.5477
CENSUS,2017,YEAR,COUNTY,WISCONSIN,55,NORTHWEST,10,BAYFIELD,7,"1,451","44,194",1557355.477
CENSUS,2017,YEAR,COUNTY,WISCONSIN,55,NORTHWEST,10,BURNETT,13,0,0,0
CENSUS,2017,YEAR,COUNTY,WISCONSIN,55,NORTHWEST,10,CHIPPEWA,17,771,"43,883",1546396.126
CENSUS,2017,YEAR,COUNTY,WISCONSIN,55,NORTHWEST,10,DOUGLAS,31,0,0,0
CENSUS,2017,YEAR,COUNTY,WISCONSIN,55,NORTHWEST,10,POLK,95,294,"15,051",530383.2486
CENSUS,2017,YEAR,COUNTY,WISCONSIN,55,NORTHWEST,10,RUSK,107,247,"11,610",409125.6073
CENSUS,2017,YEAR,COUNTY,WISCONSIN,55,NORTHWEST,10,SAWYER,113,198,"8,466",298333.97
CENSUS,2017,YEAR,COUNTY,WISCONSIN,55,NORTHWEST,10,WASHBURN,129,0,0,0
CENSUS,2017,YEAR,COUNTY,WISCONSIN,55,SOUTH CENTRAL,80,DANE,25,362,"14,280",503213.9253
CENSUS,2017,YEAR,COUNTY,WISCONSIN,55,SOUTH CENTRAL,80,DODGE,27,323,"20,114",708798.662
CENSUS,2017,YEAR,COUNTY,WISCONSIN,55,SOUTH CENTRAL,80,GREEN,45,281,"16,076",566503.2958
CENSUS,2017,YEAR,COUNTY,WISCONSIN,55,SOUTH CENTRAL,80,ROCK,105,15,572,20156.74827
CENSUS,2017,YEAR,COUNTY,WISCONSIN,55,SOUTHEAST,90,KENOSHA,59,0,0,0
CENSUS,2017,YEAR,COUNTY,WISCONSIN,55,SOUTHEAST,90,OZAUKEE,89,0,0,0
CENSUS,2017,YEAR,COUNTY,WISCONSIN,55,SOUTHEAST,90,WALWORTH,127,0,0,0
CENSUS,2017,YEAR,COUNTY,WISCONSIN,55,SOUTHEAST,90,WASHINGTON,131,166,"8,489",299144.4686
CENSUS,2017,YEAR,COUNTY,WISCONSIN,55,SOUTHEAST,90,WAUKESHA,133,0,0,0
CENSUS,2017,YEAR,COUNTY,WISCONSIN,55,SOUTHWEST,70,CRAWFORD,23,41,"1,725",60787.39644
CENSUS,2017,YEAR,COUNTY,WISCONSIN,55,SOUTHWEST,70,GRANT,43,693,"45,208",1593087.895
CENSUS,2017,YEAR,COUNTY,WISCONSIN,55,SOUTHWEST,70,IOWA,49,573,"25,185",887495.988
CENSUS,2017,YEAR,COUNTY,WISCONSIN,55,SOUTHWEST,70,LAFAYETTE,65,417,"19,749",695936.4013
CENSUS,2017,YEAR,COUNTY,WISCONSIN,55,SOUTHWEST,70,SAUK,111,36,"1,524",53704.34329
CENSUS,2017,YEAR,COUNTY,WISCONSIN,55,SOUTHWEST,70,VERNON,123,297,"11,209",394994.7401
CENSUS,2017,YEAR,COUNTY,WISCONSIN,55,WEST CENTRAL,40,BUFFALO,11,694,"25,282",890914.1779
CENSUS,2017,YEAR,COUNTY,WISCONSIN,55,WEST CENTRAL,40,DUNN,33,274,"12,734",448734.3225
CENSUS,2017,YEAR,COUNTY,WISCONSIN,55,WEST CENTRAL,40,EAU CLAIRE,35,0,0,0
CENSUS,2017,YEAR,COUNTY,WISCONSIN,55,WEST CENTRAL,40,JACKSON,53,0,0,0
CENSUS,2017,YEAR,COUNTY,WISCONSIN,55,WEST CENTRAL,40,LA CROSSE,63,375,"15,612",550152.3671
CENSUS,2017,YEAR,COUNTY,WISCONSIN,55,WEST CENTRAL,40,MONROE,81,327,"14,241",501839.6016
CENSUS,2017,YEAR,COUNTY,WISCONSIN,55,WEST CENTRAL,40,PEPIN,91,162,0,0
CENSUS,2017,YEAR,COUNTY,WISCONSIN,55,WEST CENTRAL,40,PIERCE,93,166,"6,240",219891.7993
CENSUS,2017,YEAR,COUNTY,WISCONSIN,55,WEST CENTRAL,40,ST CROIX,109,53,"2,652",93454.0147
CENSUS,2017,YEAR,COUNTY,WISCONSIN,55,WEST CENTRAL,40,TREMPEALEAU,121,"1,182","50,402",1776119.626
CENSUS,2017,YEAR,COUNTY,WYOMING,56,NORTHEAST,20,CAMPBELL,5,509,0,0
CENSUS,2017,YEAR,COUNTY,WYOMING,56,NORTHEAST,20,CROOK,11,597,"21,162",745729.2078
CENSUS,2017,YEAR,COUNTY,WYOMING,56,NORTHEAST,20,SHERIDAN,33,158,0,0
CENSUS,2017,YEAR,COUNTY,WYOMING,56,NORTHEAST,20,WESTON,45,0,0,0
CENSUS,2017,YEAR,COUNTY,WYOMING,56,NORTHWEST,10,BIG HORN,3,"18,476","20,80,124",73301636.08
CENSUS,2017,YEAR,COUNTY,WYOMING,56,NORTHWEST,10,FREMONT,13,"5,075","6,08,378",21438675.17
CENSUS,2017,YEAR,COUNTY,WYOMING,56,NORTHWEST,10,HOT SPRINGS,17,0,0,0
CENSUS,2017,YEAR,COUNTY,WYOMING,56,NORTHWEST,10,PARK,29,"19,091","22,01,227",77569193.22
CENSUS,2017,YEAR,COUNTY,WYOMING,56,NORTHWEST,10,WASHAKIE,43,"9,682","11,22,514",39556349.87
CENSUS,2017,YEAR,COUNTY,WYOMING,56,SOUTH CENTRAL,40,NATRONA,25,602,"51,403",1811393.936
CENSUS,2017,YEAR,COUNTY,WYOMING,56,SOUTH CENTRAL,40,SWEETWATER,37,827,"76,006",2678380.785
CENSUS,2017,YEAR,COUNTY,WYOMING,56,SOUTHEAST,50,CONVERSE,9,285,"12,024",423714.5825
CENSUS,2017,YEAR,COUNTY,WYOMING,56,SOUTHEAST,50,GOSHEN,15,"1,190","63,034",2221259.564
CENSUS,2017,YEAR,COUNTY,WYOMING,56,SOUTHEAST,50,LARAMIE,21,"1,128",0,0
CENSUS,2017,YEAR,COUNTY,WYOMING,56,SOUTHEAST,50,PLATTE,31,"1,017","75,019",2643599.822
CENSUS,2017,YEAR,COUNTY,WYOMING,56,WEST,30,LINCOLN,23,"3,502","2,65,317",9349524.441
CENSUS,2017,YEAR,COUNTY,WYOMING,56,WEST,30,SUBLETTE,35,0,0,0
CENSUS,2017,YEAR,COUNTY,WYOMING,56,WEST,30,TETON,39,"1,698","1,61,739",5699532.007
CENSUS,2017,YEAR,COUNTY,WYOMING,56,WEST,30,UINTA,41,132,"6,412",225952.9194
