"Program","Year","Period","Week Ending","Geo Level","State","State ANSI","Ag District","Ag District Code","County","County ANSI","Zip Code","Region","watershed_code","Watershed","Commodity","Data Item","Domain","Domain Category","Value","CV (%)"
"CENSUS","2017","YEAR","","COUNTY","ARKANSAS","05","CENTRAL","50","CONWAY","029","","","00000000","","RICE","RICE - PRODUCTION, MEASURED IN CWT","TOTAL","NOT SPECIFIED","114,320","23.5"
"CENSUS","2017","YEAR","","COUNTY","ARKANSAS","05","CENTRAL","50","FAULKNER","045","","","00000000","","RICE","RICE - PRODUCTION, MEASURED IN CWT","TOTAL","NOT SPECIFIED","79,789","23.5"
"CENSUS","2017","YEAR","","COUNTY","ARKANSAS","05","CENTRAL","50","PERRY","105","","","00000000","","RICE","RICE - PRODUCTION, MEASURED IN CWT","TOTAL","NOT SPECIFIED"," (D)","(D)"
"CENSUS","2017","YEAR","","COUNTY","ARKANSAS","05","CENTRAL","50","PULASKI","119","","","00000000","","RICE","RICE - PRODUCTION, MEASURED IN CWT","TOTAL","NOT SPECIFIED","232,358","23.5"
"CENSUS","2017","YEAR","","COUNTY","ARKANSAS","05","EAST CENTRAL","60","ARKANSAS","001","","","00000000","","RICE","RICE - PRODUCTION, MEASURED IN CWT","TOTAL","NOT SPECIFIED","6,485,964","23.5"
"CENSUS","2017","YEAR","","COUNTY","ARKANSAS","05","EAST CENTRAL","60","CRITTENDEN","035","","","00000000","","RICE","RICE - PRODUCTION, MEASURED IN CWT","TOTAL","NOT SPECIFIED","2,229,808","23.5"
"CENSUS","2017","YEAR","","COUNTY","ARKANSAS","05","EAST CENTRAL","60","CROSS","037","","","00000000","","RICE","RICE - PRODUCTION, MEASURED IN CWT","TOTAL","NOT SPECIFIED","4,611,059","23.5"
"CENSUS","2017","YEAR","","COUNTY","ARKANSAS","05","EAST CENTRAL","60","LEE","077","","","00000000","","RICE","RICE - PRODUCTION, MEASURED IN CWT","TOTAL","NOT SPECIFIED","592,685","23.5"
"CENSUS","2017","YEAR","","COUNTY","ARKANSAS","05","EAST CENTRAL","60","LONOKE","085","","","00000000","","RICE","RICE - PRODUCTION, MEASURED IN CWT","TOTAL","NOT SPECIFIED","6,487,558","23.5"
"CENSUS","2017","YEAR","","COUNTY","ARKANSAS","05","EAST CENTRAL","60","MONROE","095","","","00000000","","RICE","RICE - PRODUCTION, MEASURED IN CWT","TOTAL","NOT SPECIFIED","2,600,644","23.5"
"CENSUS","2017","YEAR","","COUNTY","ARKANSAS","05","EAST CENTRAL","60","PHILLIPS","107","","","00000000","","RICE","RICE - PRODUCTION, MEASURED IN CWT","TOTAL","NOT SPECIFIED","1,008,660","23.5"
"CENSUS","2017","YEAR","","COUNTY","ARKANSAS","05","EAST CENTRAL","60","PRAIRIE","117","","","00000000","","RICE","RICE - PRODUCTION, MEASURED IN CWT","TOTAL","NOT SPECIFIED","4,692,802","23.5"
"CENSUS","2017","YEAR","","COUNTY","ARKANSAS","05","EAST CENTRAL","60","SAINT FRANCIS","123","","","00000000","","RICE","RICE - PRODUCTION, MEASURED IN CWT","TOTAL","NOT SPECIFIED","2,426,767","23.5"
"CENSUS","2017","YEAR","","COUNTY","ARKANSAS","05","EAST CENTRAL","60","WOODRUFF","147","","","00000000","","RICE","RICE - PRODUCTION, MEASURED IN CWT","TOTAL","NOT SPECIFIED","3,479,041","23.5"
"CENSUS","2017","YEAR","","COUNTY","ARKANSAS","05","NORTHEAST","30","CLAY","021","","","00000000","","RICE","RICE - PRODUCTION, MEASURED IN CWT","TOTAL","NOT SPECIFIED","5,292,442","23.5"
"CENSUS","2017","YEAR","","COUNTY","ARKANSAS","05","NORTHEAST","30","CRAIGHEAD","031","","","00000000","","RICE","RICE - PRODUCTION, MEASURED IN CWT","TOTAL","NOT SPECIFIED","3,492,031","23.5"
"CENSUS","2017","YEAR","","COUNTY","ARKANSAS","05","NORTHEAST","30","GREENE","055","","","00000000","","RICE","RICE - PRODUCTION, MEASURED IN CWT","TOTAL","NOT SPECIFIED","5,807,250","23.5"
"CENSUS","2017","YEAR","","COUNTY","ARKANSAS","05","NORTHEAST","30","INDEPENDENCE","063","","","00000000","","RICE","RICE - PRODUCTION, MEASURED IN CWT","TOTAL","NOT SPECIFIED","518,766","23.5"
"CENSUS","2017","YEAR","","COUNTY","ARKANSAS","05","NORTHEAST","30","JACKSON","067","","","00000000","","RICE","RICE - PRODUCTION, MEASURED IN CWT","TOTAL","NOT SPECIFIED","5,195,852","23.5"
"CENSUS","2017","YEAR","","COUNTY","ARKANSAS","05","NORTHEAST","30","LAWRENCE","075","","","00000000","","RICE","RICE - PRODUCTION, MEASURED IN CWT","TOTAL","NOT SPECIFIED","5,678,560","23.5"
"CENSUS","2017","YEAR","","COUNTY","ARKANSAS","05","NORTHEAST","30","MISSISSIPPI","093","","","00000000","","RICE","RICE - PRODUCTION, MEASURED IN CWT","TOTAL","NOT SPECIFIED","4,209,779","23.5"
"CENSUS","2017","YEAR","","COUNTY","ARKANSAS","05","NORTHEAST","30","POINSETT","111","","","00000000","","RICE","RICE - PRODUCTION, MEASURED IN CWT","TOTAL","NOT SPECIFIED","6,000,594","23.5"
"CENSUS","2017","YEAR","","COUNTY","ARKANSAS","05","NORTHEAST","30","RANDOLPH","121","","","00000000","","RICE","RICE - PRODUCTION, MEASURED IN CWT","TOTAL","NOT SPECIFIED","1,834,330","23.5"
"CENSUS","2017","YEAR","","COUNTY","ARKANSAS","05","NORTHEAST","30","WHITE","145","","","00000000","","RICE","RICE - PRODUCTION, MEASURED IN CWT","TOTAL","NOT SPECIFIED","752,808","23.5"
"CENSUS","2017","YEAR","","COUNTY","ARKANSAS","05","SOUTH CENTRAL","80","CLARK","019","","","00000000","","RICE","RICE - PRODUCTION, MEASURED IN CWT","TOTAL","NOT SPECIFIED"," (D)","(D)"
"CENSUS","2017","YEAR","","COUNTY","ARKANSAS","05","SOUTHEAST","90","ASHLEY","003","","","00000000","","RICE","RICE - PRODUCTION, MEASURED IN CWT","TOTAL","NOT SPECIFIED","157,294","23.5"
"CENSUS","2017","YEAR","","COUNTY","ARKANSAS","05","SOUTHEAST","90","CHICOT","017","","","00000000","","RICE","RICE - PRODUCTION, MEASURED IN CWT","TOTAL","NOT SPECIFIED","1,610,775","23.5"
"CENSUS","2017","YEAR","","COUNTY","ARKANSAS","05","SOUTHEAST","90","DESHA","041","","","00000000","","RICE","RICE - PRODUCTION, MEASURED IN CWT","TOTAL","NOT SPECIFIED","1,251,421","23.5"
"CENSUS","2017","YEAR","","COUNTY","ARKANSAS","05","SOUTHEAST","90","DREW","043","","","00000000","","RICE","RICE - PRODUCTION, MEASURED IN CWT","TOTAL","NOT SPECIFIED","274,047","23.5"
"CENSUS","2017","YEAR","","COUNTY","ARKANSAS","05","SOUTHEAST","90","JEFFERSON","069","","","00000000","","RICE","RICE - PRODUCTION, MEASURED IN CWT","TOTAL","NOT SPECIFIED","3,948,578","23.5"
"CENSUS","2017","YEAR","","COUNTY","ARKANSAS","05","SOUTHEAST","90","LINCOLN","079","","","00000000","","RICE","RICE - PRODUCTION, MEASURED IN CWT","TOTAL","NOT SPECIFIED","1,159,129","23.5"
"CENSUS","2017","YEAR","","COUNTY","ARKANSAS","05","SOUTHWEST","70","LAFAYETTE","073","","","00000000","","RICE","RICE - PRODUCTION, MEASURED IN CWT","TOTAL","NOT SPECIFIED","213,364","23.5"
"CENSUS","2017","YEAR","","COUNTY","ARKANSAS","05","SOUTHWEST","70","MILLER","091","","","00000000","","RICE","RICE - PRODUCTION, MEASURED IN CWT","TOTAL","NOT SPECIFIED"," (D)","(D)"
"CENSUS","2017","YEAR","","COUNTY","ARKANSAS","05","WEST CENTRAL","40","FRANKLIN","047","","","00000000","","RICE","RICE - PRODUCTION, MEASURED IN CWT","TOTAL","NOT SPECIFIED"," (D)","(D)"
"CENSUS","2017","YEAR","","COUNTY","ARKANSAS","05","WEST CENTRAL","40","POPE","115","","","00000000","","RICE","RICE - PRODUCTION, MEASURED IN CWT","TOTAL","NOT SPECIFIED","219,604","23.5"
"CENSUS","2017","YEAR","","COUNTY","CALIFORNIA","06","NORTHEAST","30","MODOC","049","","","00000000","","RICE","RICE - PRODUCTION, MEASURED IN CWT","TOTAL","NOT SPECIFIED"," (D)","(D)"
"CENSUS","2017","YEAR","","COUNTY","CALIFORNIA","06","SACRAMENTO VALLEY","50","BUTTE","007","","","00000000","","RICE","RICE - PRODUCTION, MEASURED IN CWT","TOTAL","NOT SPECIFIED","6,100,895","97.6"
"CENSUS","2017","YEAR","","COUNTY","CALIFORNIA","06","SACRAMENTO VALLEY","50","COLUSA","011","","","00000000","","RICE","RICE - PRODUCTION, MEASURED IN CWT","TOTAL","NOT SPECIFIED","9,399,765","97.6"
"CENSUS","2017","YEAR","","COUNTY","CALIFORNIA","06","SACRAMENTO VALLEY","50","GLENN","021","","","00000000","","RICE","RICE - PRODUCTION, MEASURED IN CWT","TOTAL","NOT SPECIFIED","6,903,569","97.6"
"CENSUS","2017","YEAR","","COUNTY","CALIFORNIA","06","SACRAMENTO VALLEY","50","SACRAMENTO","067","","","00000000","","RICE","RICE - PRODUCTION, MEASURED IN CWT","TOTAL","NOT SPECIFIED","271,451","97.6"
"CENSUS","2017","YEAR","","COUNTY","CALIFORNIA","06","SACRAMENTO VALLEY","50","SOLANO","095","","","00000000","","RICE","RICE - PRODUCTION, MEASURED IN CWT","TOTAL","NOT SPECIFIED"," (D)","(D)"
"CENSUS","2017","YEAR","","COUNTY","CALIFORNIA","06","SACRAMENTO VALLEY","50","SUTTER","101","","","00000000","","RICE","RICE - PRODUCTION, MEASURED IN CWT","TOTAL","NOT SPECIFIED","6,154,312","97.6"
"CENSUS","2017","YEAR","","COUNTY","CALIFORNIA","06","SACRAMENTO VALLEY","50","TEHAMA","103","","","00000000","","RICE","RICE - PRODUCTION, MEASURED IN CWT","TOTAL","NOT SPECIFIED","78,506","97.6"
"CENSUS","2017","YEAR","","COUNTY","CALIFORNIA","06","SACRAMENTO VALLEY","50","YOLO","113","","","00000000","","RICE","RICE - PRODUCTION, MEASURED IN CWT","TOTAL","NOT SPECIFIED","2,106,398","97.6"
"CENSUS","2017","YEAR","","COUNTY","CALIFORNIA","06","SACRAMENTO VALLEY","50","YUBA","115","","","00000000","","RICE","RICE - PRODUCTION, MEASURED IN CWT","TOTAL","NOT SPECIFIED","1,877,066","97.6"
"CENSUS","2017","YEAR","","COUNTY","CALIFORNIA","06","SAN JOAQUIN VALLEY","51","FRESNO","019","","","00000000","","RICE","RICE - PRODUCTION, MEASURED IN CWT","TOTAL","NOT SPECIFIED","167,784","97.6"
"CENSUS","2017","YEAR","","COUNTY","CALIFORNIA","06","SAN JOAQUIN VALLEY","51","MERCED","047","","","00000000","","RICE","RICE - PRODUCTION, MEASURED IN CWT","TOTAL","NOT SPECIFIED","140,503","97.6"
"CENSUS","2017","YEAR","","COUNTY","CALIFORNIA","06","SAN JOAQUIN VALLEY","51","SAN JOAQUIN","077","","","00000000","","RICE","RICE - PRODUCTION, MEASURED IN CWT","TOTAL","NOT SPECIFIED","244,998","97.6"
"CENSUS","2017","YEAR","","COUNTY","CALIFORNIA","06","SAN JOAQUIN VALLEY","51","STANISLAUS","099","","","00000000","","RICE","RICE - PRODUCTION, MEASURED IN CWT","TOTAL","NOT SPECIFIED"," (D)","(D)"
"CENSUS","2017","YEAR","","COUNTY","CALIFORNIA","06","SIERRA MOUNTAINS","60","PLACER","061","","","00000000","","RICE","RICE - PRODUCTION, MEASURED IN CWT","TOTAL","NOT SPECIFIED","485,654","97.6"
"CENSUS","2017","YEAR","","COUNTY","CALIFORNIA","06","SISKIYOU-SHASTA","20","SHASTA","089","","","00000000","","RICE","RICE - PRODUCTION, MEASURED IN CWT","TOTAL","NOT SPECIFIED","23,160","97.6"
"CENSUS","2017","YEAR","","COUNTY","CALIFORNIA","06","SISKIYOU-SHASTA","20","SISKIYOU","093","","","00000000","","RICE","RICE - PRODUCTION, MEASURED IN CWT","TOTAL","NOT SPECIFIED"," (D)","(D)"
"CENSUS","2017","YEAR","","COUNTY","FLORIDA","12","SOUTHERN","80","HENDRY","051","","","00000000","","RICE","RICE - PRODUCTION, MEASURED IN CWT","TOTAL","NOT SPECIFIED"," (D)","(D)"
"CENSUS","2017","YEAR","","COUNTY","FLORIDA","12","SOUTHERN","80","PALM BEACH","099","","","00000000","","RICE","RICE - PRODUCTION, MEASURED IN CWT","TOTAL","NOT SPECIFIED"," (D)","(D)"
"CENSUS","2017","YEAR","","COUNTY","ILLINOIS","17","SOUTHWEST","80","ALEXANDER","003","","","00000000","","RICE","RICE - PRODUCTION, MEASURED IN CWT","TOTAL","NOT SPECIFIED"," (D)","(D)"
"CENSUS","2017","YEAR","","COUNTY","LOUISIANA","22","CENTRAL","50","AVOYELLES","009","","","00000000","","RICE","RICE - PRODUCTION, MEASURED IN CWT","TOTAL","NOT SPECIFIED","1,307,552","45.9"
"CENSUS","2017","YEAR","","COUNTY","LOUISIANA","22","CENTRAL","50","CATAHOULA","025","","","00000000","","RICE","RICE - PRODUCTION, MEASURED IN CWT","TOTAL","NOT SPECIFIED","99,751","45.9"
"CENSUS","2017","YEAR","","COUNTY","LOUISIANA","22","CENTRAL","50","CONCORDIA","029","","","00000000","","RICE","RICE - PRODUCTION, MEASURED IN CWT","TOTAL","NOT SPECIFIED","850,205","45.9"
"CENSUS","2017","YEAR","","COUNTY","LOUISIANA","22","CENTRAL","50","EVANGELINE","039","","","00000000","","RICE","RICE - PRODUCTION, MEASURED IN CWT","TOTAL","NOT SPECIFIED","2,961,116","45.9"
"CENSUS","2017","YEAR","","COUNTY","LOUISIANA","22","CENTRAL","50","POINTE COUPEE","077","","","00000000","","RICE","RICE - PRODUCTION, MEASURED IN CWT","TOTAL","NOT SPECIFIED"," (D)","(D)"
"CENSUS","2017","YEAR","","COUNTY","LOUISIANA","22","CENTRAL","50","RAPIDES","079","","","00000000","","RICE","RICE - PRODUCTION, MEASURED IN CWT","TOTAL","NOT SPECIFIED","670,182","45.9"
"CENSUS","2017","YEAR","","COUNTY","LOUISIANA","22","CENTRAL","50","SAINT LANDRY","097","","","00000000","","RICE","RICE - PRODUCTION, MEASURED IN CWT","TOTAL","NOT SPECIFIED","1,449,052","45.9"
"CENSUS","2017","YEAR","","COUNTY","LOUISIANA","22","NORTH CENTRAL","20","CALDWELL","021","","","00000000","","RICE","RICE - PRODUCTION, MEASURED IN CWT","TOTAL","NOT SPECIFIED"," (D)","(D)"
"CENSUS","2017","YEAR","","COUNTY","LOUISIANA","22","NORTHEAST","30","EAST CARROLL","035","","","00000000","","RICE","RICE - PRODUCTION, MEASURED IN CWT","TOTAL","NOT SPECIFIED","173,809","45.9"
"CENSUS","2017","YEAR","","COUNTY","LOUISIANA","22","NORTHEAST","30","FRANKLIN","041","","","00000000","","RICE","RICE - PRODUCTION, MEASURED IN CWT","TOTAL","NOT SPECIFIED","113,240","45.9"
"CENSUS","2017","YEAR","","COUNTY","LOUISIANA","22","NORTHEAST","30","MADISON","065","","","00000000","","RICE","RICE - PRODUCTION, MEASURED IN CWT","TOTAL","NOT SPECIFIED","171,918","45.9"
"CENSUS","2017","YEAR","","COUNTY","LOUISIANA","22","NORTHEAST","30","MOREHOUSE","067","","","00000000","","RICE","RICE - PRODUCTION, MEASURED IN CWT","TOTAL","NOT SPECIFIED","1,603,028","45.9"
"CENSUS","2017","YEAR","","COUNTY","LOUISIANA","22","NORTHEAST","30","RICHLAND","083","","","00000000","","RICE","RICE - PRODUCTION, MEASURED IN CWT","TOTAL","NOT SPECIFIED","395,751","45.9"
"CENSUS","2017","YEAR","","COUNTY","LOUISIANA","22","NORTHEAST","30","TENSAS","107","","","00000000","","RICE","RICE - PRODUCTION, MEASURED IN CWT","TOTAL","NOT SPECIFIED","123,205","45.9"
"CENSUS","2017","YEAR","","COUNTY","LOUISIANA","22","NORTHEAST","30","WEST CARROLL","123","","","00000000","","RICE","RICE - PRODUCTION, MEASURED IN CWT","TOTAL","NOT SPECIFIED","46,815","45.9"
"CENSUS","2017","YEAR","","COUNTY","LOUISIANA","22","NORTHWEST","10","BOSSIER","015","","","00000000","","RICE","RICE - PRODUCTION, MEASURED IN CWT","TOTAL","NOT SPECIFIED"," (D)","(D)"
"CENSUS","2017","YEAR","","COUNTY","LOUISIANA","22","NORTHWEST","10","CADDO","017","","","00000000","","RICE","RICE - PRODUCTION, MEASURED IN CWT","TOTAL","NOT SPECIFIED"," (D)","(D)"
"CENSUS","2017","YEAR","","COUNTY","LOUISIANA","22","SOUTH CENTRAL","80","IBERIA","045","","","00000000","","RICE","RICE - PRODUCTION, MEASURED IN CWT","TOTAL","NOT SPECIFIED","153,720","45.9"
"CENSUS","2017","YEAR","","COUNTY","LOUISIANA","22","SOUTH CENTRAL","80","LAFAYETTE","055","","","00000000","","RICE","RICE - PRODUCTION, MEASURED IN CWT","TOTAL","NOT SPECIFIED","304,045","45.9"
"CENSUS","2017","YEAR","","COUNTY","LOUISIANA","22","SOUTH CENTRAL","80","SAINT MARTIN","099","","","00000000","","RICE","RICE - PRODUCTION, MEASURED IN CWT","TOTAL","NOT SPECIFIED","225,206","45.9"
"CENSUS","2017","YEAR","","COUNTY","LOUISIANA","22","SOUTHWEST","70","ACADIA","001","","","00000000","","RICE","RICE - PRODUCTION, MEASURED IN CWT","TOTAL","NOT SPECIFIED","5,465,241","45.9"
"CENSUS","2017","YEAR","","COUNTY","LOUISIANA","22","SOUTHWEST","70","ALLEN","003","","","00000000","","RICE","RICE - PRODUCTION, MEASURED IN CWT","TOTAL","NOT SPECIFIED","1,096,469","45.9"
"CENSUS","2017","YEAR","","COUNTY","LOUISIANA","22","SOUTHWEST","70","BEAUREGARD","011","","","00000000","","RICE","RICE - PRODUCTION, MEASURED IN CWT","TOTAL","NOT SPECIFIED","132,520","45.9"
"CENSUS","2017","YEAR","","COUNTY","LOUISIANA","22","SOUTHWEST","70","CALCASIEU","019","","","00000000","","RICE","RICE - PRODUCTION, MEASURED IN CWT","TOTAL","NOT SPECIFIED","847,693","45.9"
"CENSUS","2017","YEAR","","COUNTY","LOUISIANA","22","SOUTHWEST","70","CAMERON","023","","","00000000","","RICE","RICE - PRODUCTION, MEASURED IN CWT","TOTAL","NOT SPECIFIED","425,890","45.9"
"CENSUS","2017","YEAR","","COUNTY","LOUISIANA","22","SOUTHWEST","70","JEFFERSON DAVIS","053","","","00000000","","RICE","RICE - PRODUCTION, MEASURED IN CWT","TOTAL","NOT SPECIFIED","4,294,674","45.9"
"CENSUS","2017","YEAR","","COUNTY","LOUISIANA","22","SOUTHWEST","70","VERMILION","113","","","00000000","","RICE","RICE - PRODUCTION, MEASURED IN CWT","TOTAL","NOT SPECIFIED","3,713,560","45.9"
"CENSUS","2017","YEAR","","COUNTY","LOUISIANA","22","WEST CENTRAL","40","NATCHITOCHES","069","","","00000000","","RICE","RICE - PRODUCTION, MEASURED IN CWT","TOTAL","NOT SPECIFIED"," (D)","(D)"
"CENSUS","2017","YEAR","","COUNTY","MISSISSIPPI","28","LOWER DELTA","40","HUMPHREYS","053","","","00000000","","RICE","RICE - PRODUCTION, MEASURED IN CWT","TOTAL","NOT SPECIFIED","268,063","18.7"
"CENSUS","2017","YEAR","","COUNTY","MISSISSIPPI","28","LOWER DELTA","40","LEFLORE","083","","","00000000","","RICE","RICE - PRODUCTION, MEASURED IN CWT","TOTAL","NOT SPECIFIED","138,454","18.7"
"CENSUS","2017","YEAR","","COUNTY","MISSISSIPPI","28","LOWER DELTA","40","SUNFLOWER","133","","","00000000","","RICE","RICE - PRODUCTION, MEASURED IN CWT","TOTAL","NOT SPECIFIED","985,673","18.7"
"CENSUS","2017","YEAR","","COUNTY","MISSISSIPPI","28","LOWER DELTA","40","WASHINGTON","151","","","00000000","","RICE","RICE - PRODUCTION, MEASURED IN CWT","TOTAL","NOT SPECIFIED","776,735","18.7"
"CENSUS","2017","YEAR","","COUNTY","MISSISSIPPI","28","LOWER DELTA","40","YAZOO","163","","","00000000","","RICE","RICE - PRODUCTION, MEASURED IN CWT","TOTAL","NOT SPECIFIED"," (D)","(D)"
"CENSUS","2017","YEAR","","COUNTY","MISSISSIPPI","28","NORTH CENTRAL","20","DE SOTO","033","","","00000000","","RICE","RICE - PRODUCTION, MEASURED IN CWT","TOTAL","NOT SPECIFIED"," (D)","(D)"
"CENSUS","2017","YEAR","","COUNTY","MISSISSIPPI","28","NORTH CENTRAL","20","PANOLA","107","","","00000000","","RICE","RICE - PRODUCTION, MEASURED IN CWT","TOTAL","NOT SPECIFIED","523,470","18.7"
"CENSUS","2017","YEAR","","COUNTY","MISSISSIPPI","28","NORTH CENTRAL","20","TATE","137","","","00000000","","RICE","RICE - PRODUCTION, MEASURED IN CWT","TOTAL","NOT SPECIFIED","75,618","18.7"
"CENSUS","2017","YEAR","","COUNTY","MISSISSIPPI","28","UPPER DELTA","10","BOLIVAR","011","","","00000000","","RICE","RICE - PRODUCTION, MEASURED IN CWT","TOTAL","NOT SPECIFIED","2,007,926","18.7"
"CENSUS","2017","YEAR","","COUNTY","MISSISSIPPI","28","UPPER DELTA","10","COAHOMA","027","","","00000000","","RICE","RICE - PRODUCTION, MEASURED IN CWT","TOTAL","NOT SPECIFIED","449,340","18.7"
"CENSUS","2017","YEAR","","COUNTY","MISSISSIPPI","28","UPPER DELTA","10","QUITMAN","119","","","00000000","","RICE","RICE - PRODUCTION, MEASURED IN CWT","TOTAL","NOT SPECIFIED","645,797","18.7"
"CENSUS","2017","YEAR","","COUNTY","MISSISSIPPI","28","UPPER DELTA","10","TALLAHATCHIE","135","","","00000000","","RICE","RICE - PRODUCTION, MEASURED IN CWT","TOTAL","NOT SPECIFIED","416,813","18.7"
"CENSUS","2017","YEAR","","COUNTY","MISSISSIPPI","28","UPPER DELTA","10","TUNICA","143","","","00000000","","RICE","RICE - PRODUCTION, MEASURED IN CWT","TOTAL","NOT SPECIFIED","1,943,323","18.7"
"CENSUS","2017","YEAR","","COUNTY","MISSOURI","29","NORTHEAST","30","KNOX","103","","","00000000","","RICE","RICE - PRODUCTION, MEASURED IN CWT","TOTAL","NOT SPECIFIED"," (D)","(D)"
"CENSUS","2017","YEAR","","COUNTY","MISSOURI","29","SOUTH CENTRAL","80","RIPLEY","181","","","00000000","","RICE","RICE - PRODUCTION, MEASURED IN CWT","TOTAL","NOT SPECIFIED","292,013","27.1"
"CENSUS","2017","YEAR","","COUNTY","MISSOURI","29","SOUTHEAST","90","BUTLER","023","","","00000000","","RICE","RICE - PRODUCTION, MEASURED IN CWT","TOTAL","NOT SPECIFIED","4,123,566","27.1"
"CENSUS","2017","YEAR","","COUNTY","MISSOURI","29","SOUTHEAST","90","DUNKLIN","069","","","00000000","","RICE","RICE - PRODUCTION, MEASURED IN CWT","TOTAL","NOT SPECIFIED","1,287,079","27.1"
"CENSUS","2017","YEAR","","COUNTY","MISSOURI","29","SOUTHEAST","90","MISSISSIPPI","133","","","00000000","","RICE","RICE - PRODUCTION, MEASURED IN CWT","TOTAL","NOT SPECIFIED"," (D)","(D)"
"CENSUS","2017","YEAR","","COUNTY","MISSOURI","29","SOUTHEAST","90","NEW MADRID","143","","","00000000","","RICE","RICE - PRODUCTION, MEASURED IN CWT","TOTAL","NOT SPECIFIED","868,821","27.1"
"CENSUS","2017","YEAR","","COUNTY","MISSOURI","29","SOUTHEAST","90","PEMISCOT","155","","","00000000","","RICE","RICE - PRODUCTION, MEASURED IN CWT","TOTAL","NOT SPECIFIED","2,703,974","27.1"
"CENSUS","2017","YEAR","","COUNTY","MISSOURI","29","SOUTHEAST","90","SCOTT","201","","","00000000","","RICE","RICE - PRODUCTION, MEASURED IN CWT","TOTAL","NOT SPECIFIED","375,800","27.1"
"CENSUS","2017","YEAR","","COUNTY","MISSOURI","29","SOUTHEAST","90","STODDARD","207","","","00000000","","RICE","RICE - PRODUCTION, MEASURED IN CWT","TOTAL","NOT SPECIFIED","2,712,735","27.1"
"CENSUS","2017","YEAR","","COUNTY","SOUTH CAROLINA","45","EASTERN","30","DARLINGTON","031","","","00000000","","RICE","RICE - PRODUCTION, MEASURED IN CWT","TOTAL","NOT SPECIFIED"," (D)","(D)"
"CENSUS","2017","YEAR","","COUNTY","SOUTH CAROLINA","45","SOUTHERN","80","CHARLESTON","019","","","00000000","","RICE","RICE - PRODUCTION, MEASURED IN CWT","TOTAL","NOT SPECIFIED"," (D)","(D)"
"CENSUS","2017","YEAR","","COUNTY","SOUTH CAROLINA","45","SOUTHERN","80","JASPER","053","","","00000000","","RICE","RICE - PRODUCTION, MEASURED IN CWT","TOTAL","NOT SPECIFIED"," (D)","(D)"
"CENSUS","2017","YEAR","","COUNTY","TENNESSEE","47","DELTA","10","DYER","045","","","00000000","","RICE","RICE - PRODUCTION, MEASURED IN CWT","TOTAL","NOT SPECIFIED"," (D)","(D)"
"CENSUS","2017","YEAR","","COUNTY","TENNESSEE","47","WEST TENNESSEE","20","HARDEMAN","069","","","00000000","","RICE","RICE - PRODUCTION, MEASURED IN CWT","TOTAL","NOT SPECIFIED"," (D)","(D)"
"CENSUS","2017","YEAR","","COUNTY","TEXAS","48","EAST TEXAS NORTH","51","BOWIE","037","","","00000000","","RICE","RICE - PRODUCTION, MEASURED IN CWT","TOTAL","NOT SPECIFIED"," (D)","(D)"
"CENSUS","2017","YEAR","","COUNTY","TEXAS","48","EAST TEXAS SOUTH","52","HARDIN","199","","","00000000","","RICE","RICE - PRODUCTION, MEASURED IN CWT","TOTAL","NOT SPECIFIED"," (D)","(D)"
"CENSUS","2017","YEAR","","COUNTY","TEXAS","48","EAST TEXAS SOUTH","52","ROBERTSON","395","","","00000000","","RICE","RICE - PRODUCTION, MEASURED IN CWT","TOTAL","NOT SPECIFIED"," (D)","(D)"
"CENSUS","2017","YEAR","","COUNTY","TEXAS","48","EAST TEXAS SOUTH","52","WALLER","473","","","00000000","","RICE","RICE - PRODUCTION, MEASURED IN CWT","TOTAL","NOT SPECIFIED","866,716","32.7"
"CENSUS","2017","YEAR","","COUNTY","TEXAS","48","SOUTH CENTRAL","81","COLORADO","089","","","00000000","","RICE","RICE - PRODUCTION, MEASURED IN CWT","TOTAL","NOT SPECIFIED","2,089,604","32.7"
"CENSUS","2017","YEAR","","COUNTY","TEXAS","48","SOUTH CENTRAL","81","LAVACA","285","","","00000000","","RICE","RICE - PRODUCTION, MEASURED IN CWT","TOTAL","NOT SPECIFIED","94,576","32.7"
"CENSUS","2017","YEAR","","COUNTY","TEXAS","48","UPPER COAST","90","BRAZORIA","039","","","00000000","","RICE","RICE - PRODUCTION, MEASURED IN CWT","TOTAL","NOT SPECIFIED","813,054","32.7"
"CENSUS","2017","YEAR","","COUNTY","TEXAS","48","UPPER COAST","90","CALHOUN","057","","","00000000","","RICE","RICE - PRODUCTION, MEASURED IN CWT","TOTAL","NOT SPECIFIED"," (D)","(D)"
"CENSUS","2017","YEAR","","COUNTY","TEXAS","48","UPPER COAST","90","CHAMBERS","071","","","00000000","","RICE","RICE - PRODUCTION, MEASURED IN CWT","TOTAL","NOT SPECIFIED","1,010,653","32.7"
"CENSUS","2017","YEAR","","COUNTY","TEXAS","48","UPPER COAST","90","FORT BEND","157","","","00000000","","RICE","RICE - PRODUCTION, MEASURED IN CWT","TOTAL","NOT SPECIFIED","765,709","32.7"
"CENSUS","2017","YEAR","","COUNTY","TEXAS","48","UPPER COAST","90","JACKSON","239","","","00000000","","RICE","RICE - PRODUCTION, MEASURED IN CWT","TOTAL","NOT SPECIFIED","162,534","32.7"
"CENSUS","2017","YEAR","","COUNTY","TEXAS","48","UPPER COAST","90","JEFFERSON","245","","","00000000","","RICE","RICE - PRODUCTION, MEASURED IN CWT","TOTAL","NOT SPECIFIED","845,245","32.7"
"CENSUS","2017","YEAR","","COUNTY","TEXAS","48","UPPER COAST","90","LIBERTY","291","","","00000000","","RICE","RICE - PRODUCTION, MEASURED IN CWT","TOTAL","NOT SPECIFIED"," (D)","(D)"
"CENSUS","2017","YEAR","","COUNTY","TEXAS","48","UPPER COAST","90","MATAGORDA","321","","","00000000","","RICE","RICE - PRODUCTION, MEASURED IN CWT","TOTAL","NOT SPECIFIED","782,645","32.7"
"CENSUS","2017","YEAR","","COUNTY","TEXAS","48","UPPER COAST","90","VICTORIA","469","","","00000000","","RICE","RICE - PRODUCTION, MEASURED IN CWT","TOTAL","NOT SPECIFIED","269,370","32.7"
"CENSUS","2017","YEAR","","COUNTY","TEXAS","48","UPPER COAST","90","WHARTON","481","","","00000000","","RICE","RICE - PRODUCTION, MEASURED IN CWT","TOTAL","NOT SPECIFIED","2,494,885","32.7"
