Geo Level,State,State ANSI,Ag District,Ag District Code,County,County ANSI,cotton_area
COUNTY,ALABAMA,1,BLACK BELT,40,AUTAUGA,1,"9,261"
COUNTY,ALABAMA,1,BLACK BELT,40,DALLAS,47,"14,133"
COUNTY,ALABAMA,1,BLACK BELT,40,ELMORE,51,"13,795"
COUNTY,ALABAMA,1,BLACK BELT,40,LOWNDES,85,"4,046"
COUNTY,ALABAMA,1,BLACK BELT,40,MACON,87,"12,376"
COUNTY,ALABAMA,1,BLACK BELT,40,MARENGO,91,"3,656"
COUNTY,ALABAMA,1,BLACK BELT,40,MONTGOMERY,101,"4,701"
COUNTY,ALABAMA,1,BLACK BELT,40,PERRY,105,"2,655"
COUNTY,ALABAMA,1,BLACK BELT,40,SUMTER,119, 
COUNTY,ALABAMA,1,COASTAL PLAINS & GULF COAST,50,BALDWIN,3,"12,243"
COUNTY,ALABAMA,1,COASTAL PLAINS & GULF COAST,50,CHOCTAW,23, 
COUNTY,ALABAMA,1,COASTAL PLAINS & GULF COAST,50,CLARKE,25, 
COUNTY,ALABAMA,1,COASTAL PLAINS & GULF COAST,50,CONECUH,35,"11,328"
COUNTY,ALABAMA,1,COASTAL PLAINS & GULF COAST,50,ESCAMBIA,53,"19,612"
COUNTY,ALABAMA,1,COASTAL PLAINS & GULF COAST,50,MOBILE,97,"7,962"
COUNTY,ALABAMA,1,COASTAL PLAINS & GULF COAST,50,MONROE,99,"16,673"
COUNTY,ALABAMA,1,COASTAL PLAINS & GULF COAST,50,WASHINGTON,129,"3,800"
COUNTY,ALABAMA,1,COASTAL PLAINS & GULF COAST,50,WILCOX,131, 
COUNTY,ALABAMA,1,MOUNTAINS & EASTERN VALLEY,20,BLOUNT,9,"2,494"
COUNTY,ALABAMA,1,MOUNTAINS & EASTERN VALLEY,20,CALHOUN,15,"5,804"
COUNTY,ALABAMA,1,MOUNTAINS & EASTERN VALLEY,20,CHEROKEE,19,"29,034"
COUNTY,ALABAMA,1,MOUNTAINS & EASTERN VALLEY,20,CULLMAN,43, 
COUNTY,ALABAMA,1,MOUNTAINS & EASTERN VALLEY,20,DE KALB,49,"1,522"
COUNTY,ALABAMA,1,MOUNTAINS & EASTERN VALLEY,20,ETOWAH,55,"2,075"
COUNTY,ALABAMA,1,MOUNTAINS & EASTERN VALLEY,20,JACKSON,71,"3,815"
COUNTY,ALABAMA,1,MOUNTAINS & EASTERN VALLEY,20,MARSHALL,95, 
COUNTY,ALABAMA,1,NORTHERN VALLEY,10,COLBERT,33,"5,199"
COUNTY,ALABAMA,1,NORTHERN VALLEY,10,FRANKLIN,59,"3,262"
COUNTY,ALABAMA,1,NORTHERN VALLEY,10,LAUDERDALE,77,"18,354"
COUNTY,ALABAMA,1,NORTHERN VALLEY,10,LAWRENCE,79,"18,804"
COUNTY,ALABAMA,1,NORTHERN VALLEY,10,LIMESTONE,83,"28,058"
COUNTY,ALABAMA,1,NORTHERN VALLEY,10,MADISON,89,"30,498"
COUNTY,ALABAMA,1,NORTHERN VALLEY,10,MARION,93, 
COUNTY,ALABAMA,1,NORTHERN VALLEY,10,MORGAN,103,"2,205"
COUNTY,ALABAMA,1,UPPER PLAINS & PIEDMONT,30,CHAMBERS,17, 
COUNTY,ALABAMA,1,UPPER PLAINS & PIEDMONT,30,CHILTON,21, 
COUNTY,ALABAMA,1,UPPER PLAINS & PIEDMONT,30,FAYETTE,57,"5,760"
COUNTY,ALABAMA,1,UPPER PLAINS & PIEDMONT,30,LAMAR,75, 
COUNTY,ALABAMA,1,UPPER PLAINS & PIEDMONT,30,LEE,81,983
COUNTY,ALABAMA,1,UPPER PLAINS & PIEDMONT,30,PICKENS,107,"3,175"
COUNTY,ALABAMA,1,UPPER PLAINS & PIEDMONT,30,RANDOLPH,111, 
COUNTY,ALABAMA,1,UPPER PLAINS & PIEDMONT,30,SHELBY,117,"5,095"
COUNTY,ALABAMA,1,UPPER PLAINS & PIEDMONT,30,TALLADEGA,121,"5,405"
COUNTY,ALABAMA,1,UPPER PLAINS & PIEDMONT,30,TALLAPOOSA,123, 
COUNTY,ALABAMA,1,UPPER PLAINS & PIEDMONT,30,TUSCALOOSA,125,"1,422"
COUNTY,ALABAMA,1,UPPER PLAINS & PIEDMONT,30,WALKER,127, 
COUNTY,ALABAMA,1,WIREGRASS,60,BARBOUR,5,"6,825"
COUNTY,ALABAMA,1,WIREGRASS,60,COFFEE,31,"12,628"
COUNTY,ALABAMA,1,WIREGRASS,60,COVINGTON,39,"13,390"
COUNTY,ALABAMA,1,WIREGRASS,60,CRENSHAW,41, 
COUNTY,ALABAMA,1,WIREGRASS,60,DALE,45,"10,656"
COUNTY,ALABAMA,1,WIREGRASS,60,GENEVA,61,"22,530"
COUNTY,ALABAMA,1,WIREGRASS,60,HENRY,67,"19,876"
COUNTY,ALABAMA,1,WIREGRASS,60,HOUSTON,69,"17,389"
COUNTY,ALABAMA,1,WIREGRASS,60,PIKE,109,"4,524"
COUNTY,ALABAMA,1,WIREGRASS,60,RUSSELL,113,"4,713"
COUNTY,ARIZONA,4,NORTHERN,10,MOHAVE,15, 
COUNTY,ARIZONA,4,SOUTHERN,80,COCHISE,3, 
COUNTY,ARIZONA,4,SOUTHERN,80,GRAHAM,9,"26,179"
COUNTY,ARIZONA,4,SOUTHERN,80,GREENLEE,11,176
COUNTY,ARIZONA,4,SOUTHERN,80,LAPAZ,12,"10,987"
COUNTY,ARIZONA,4,SOUTHERN,80,MARICOPA,13,"27,659"
COUNTY,ARIZONA,4,SOUTHERN,80,PIMA,19,"11,693"
COUNTY,ARIZONA,4,SOUTHERN,80,PINAL,21,"88,107"
COUNTY,ARIZONA,4,SOUTHERN,80,YUMA,27,"12,264"
COUNTY,ARKANSAS,5,EAST CENTRAL,60,CRITTENDEN,35,"18,903"
COUNTY,ARKANSAS,5,EAST CENTRAL,60,CROSS,37, 
COUNTY,ARKANSAS,5,EAST CENTRAL,60,LEE,77,"43,881"
COUNTY,ARKANSAS,5,EAST CENTRAL,60,LONOKE,85,"4,768"
COUNTY,ARKANSAS,5,EAST CENTRAL,60,MONROE,95,"2,959"
COUNTY,ARKANSAS,5,EAST CENTRAL,60,PHILLIPS,107,"27,230"
COUNTY,ARKANSAS,5,EAST CENTRAL,60,PRAIRIE,117, 
COUNTY,ARKANSAS,5,EAST CENTRAL,60,SAINT FRANCIS,123,"23,341"
COUNTY,ARKANSAS,5,EAST CENTRAL,60,WOODRUFF,147, 
COUNTY,ARKANSAS,5,NORTHEAST,30,CLAY,21,"25,698"
COUNTY,ARKANSAS,5,NORTHEAST,30,CRAIGHEAD,31,"71,824"
COUNTY,ARKANSAS,5,NORTHEAST,30,GREENE,55,"4,461"
COUNTY,ARKANSAS,5,NORTHEAST,30,MISSISSIPPI,93,"92,385"
COUNTY,ARKANSAS,5,NORTHEAST,30,POINSETT,111,"22,977"
COUNTY,ARKANSAS,5,SOUTH CENTRAL,80,CLARK,19, 
COUNTY,ARKANSAS,5,SOUTHEAST,90,ASHLEY,3,"20,608"
COUNTY,ARKANSAS,5,SOUTHEAST,90,CHICOT,17,"22,180"
COUNTY,ARKANSAS,5,SOUTHEAST,90,DESHA,41,"17,037"
COUNTY,ARKANSAS,5,SOUTHEAST,90,DREW,43,"9,369"
COUNTY,ARKANSAS,5,SOUTHEAST,90,JEFFERSON,69,"5,937"
COUNTY,ARKANSAS,5,SOUTHEAST,90,LINCOLN,79,"19,719"
COUNTY,ARKANSAS,5,SOUTHWEST,70,LITTLE RIVER,81, 
COUNTY,ARKANSAS,5,SOUTHWEST,70,MILLER,91, 
COUNTY,CALIFORNIA,6,SACRAMENTO VALLEY,50,COLUSA,11,463
COUNTY,CALIFORNIA,6,SACRAMENTO VALLEY,50,GLENN,21,"3,159"
COUNTY,CALIFORNIA,6,SACRAMENTO VALLEY,50,SUTTER,101, 
COUNTY,CALIFORNIA,6,SAN JOAQUIN VALLEY,51,FRESNO,19,"74,535"
COUNTY,CALIFORNIA,6,SAN JOAQUIN VALLEY,51,KERN,29,"24,945"
COUNTY,CALIFORNIA,6,SAN JOAQUIN VALLEY,51,KINGS,31,"1,14,865"
COUNTY,CALIFORNIA,6,SAN JOAQUIN VALLEY,51,MADERA,39, 
COUNTY,CALIFORNIA,6,SAN JOAQUIN VALLEY,51,MERCED,47,"47,766"
COUNTY,CALIFORNIA,6,SAN JOAQUIN VALLEY,51,TULARE,107,"25,492"
COUNTY,CALIFORNIA,6,SOUTHERN CALIFORNIA,80,IMPERIAL,25,"4,331"
COUNTY,CALIFORNIA,6,SOUTHERN CALIFORNIA,80,RIVERSIDE,65,"5,475"
COUNTY,FLORIDA,12,CENTRAL,50,MARION,83, 
COUNTY,FLORIDA,12,NORTHEAST,30,COLUMBIA,23, 
COUNTY,FLORIDA,12,NORTHEAST,30,LAFAYETTE,67,"1,490"
COUNTY,FLORIDA,12,NORTHEAST,30,MADISON,79, 
COUNTY,FLORIDA,12,NORTHWEST,10,CALHOUN,13,"9,000"
COUNTY,FLORIDA,12,NORTHWEST,10,ESCAMBIA,33,"11,520"
COUNTY,FLORIDA,12,NORTHWEST,10,HOLMES,59,"4,317"
COUNTY,FLORIDA,12,NORTHWEST,10,JACKSON,63,"42,605"
COUNTY,FLORIDA,12,NORTHWEST,10,JEFFERSON,65,"1,846"
COUNTY,FLORIDA,12,NORTHWEST,10,OKALOOSA,91,"3,064"
COUNTY,FLORIDA,12,NORTHWEST,10,SANTA ROSA,113,"18,864"
COUNTY,FLORIDA,12,NORTHWEST,10,WALTON,131,"3,745"
COUNTY,FLORIDA,12,NORTHWEST,10,WASHINGTON,133,"1,794"
COUNTY,GEORGIA,13,CENTRAL,50,BLECKLEY,23,"5,144"
COUNTY,GEORGIA,13,CENTRAL,50,CRAWFORD,79, 
COUNTY,GEORGIA,13,CENTRAL,50,DODGE,91,"12,960"
COUNTY,GEORGIA,13,CENTRAL,50,HOUSTON,153,"4,252"
COUNTY,GEORGIA,13,CENTRAL,50,JOHNSON,167,"2,565"
COUNTY,GEORGIA,13,CENTRAL,50,LAURENS,175,"10,493"
COUNTY,GEORGIA,13,CENTRAL,50,MONTGOMERY,209,"7,975"
COUNTY,GEORGIA,13,CENTRAL,50,MORGAN,211,"2,075"
COUNTY,GEORGIA,13,CENTRAL,50,NEWTON,217, 
COUNTY,GEORGIA,13,CENTRAL,50,PEACH,225,"1,545"
COUNTY,GEORGIA,13,CENTRAL,50,PULASKI,235,"10,033"
COUNTY,GEORGIA,13,CENTRAL,50,PUTNAM,237, 
COUNTY,GEORGIA,13,CENTRAL,50,TREUTLEN,283,"2,586"
COUNTY,GEORGIA,13,CENTRAL,50,TWIGGS,289,"6,256"
COUNTY,GEORGIA,13,CENTRAL,50,WASHINGTON,303,"3,662"
COUNTY,GEORGIA,13,CENTRAL,50,WHEELER,309,"2,178"
COUNTY,GEORGIA,13,CENTRAL,50,WILKINSON,319, 
COUNTY,GEORGIA,13,EAST CENTRAL,60,BULLOCH,31,"62,540"
COUNTY,GEORGIA,13,EAST CENTRAL,60,BURKE,33,"35,030"
COUNTY,GEORGIA,13,EAST CENTRAL,60,CANDLER,43,"9,532"
COUNTY,GEORGIA,13,EAST CENTRAL,60,EFFINGHAM,103,"9,059"
COUNTY,GEORGIA,13,EAST CENTRAL,60,EMANUEL,107,"19,933"
COUNTY,GEORGIA,13,EAST CENTRAL,60,GLASCOCK,125,"1,156"
COUNTY,GEORGIA,13,EAST CENTRAL,60,JEFFERSON,163,"13,297"
COUNTY,GEORGIA,13,EAST CENTRAL,60,JENKINS,165,"14,140"
COUNTY,GEORGIA,13,EAST CENTRAL,60,MCDUFFIE,189, 
COUNTY,GEORGIA,13,EAST CENTRAL,60,SCREVEN,251,"31,791"
COUNTY,GEORGIA,13,EAST CENTRAL,60,WARREN,301,"1,590"
COUNTY,GEORGIA,13,NORTH CENTRAL,20,BARROW,13, 
COUNTY,GEORGIA,13,NORTH CENTRAL,20,OCONEE,219, 
COUNTY,GEORGIA,13,NORTH CENTRAL,20,WALTON,297, 
COUNTY,GEORGIA,13,NORTHEAST,30,ELBERT,105,249
COUNTY,GEORGIA,13,NORTHEAST,30,WILKES,317, 
COUNTY,GEORGIA,13,NORTHWEST,10,BARTOW,15,"1,548"
COUNTY,GEORGIA,13,NORTHWEST,10,FLOYD,115, 
COUNTY,GEORGIA,13,NORTHWEST,10,GORDON,129, 
COUNTY,GEORGIA,13,NORTHWEST,10,POLK,233,669
COUNTY,GEORGIA,13,SOUTH CENTRAL,80,ATKINSON,3,"15,407"
COUNTY,GEORGIA,13,SOUTH CENTRAL,80,BEN HILL,17,"8,838"
COUNTY,GEORGIA,13,SOUTH CENTRAL,80,BERRIEN,19,"21,720"
COUNTY,GEORGIA,13,SOUTH CENTRAL,80,BROOKS,27,"37,756"
COUNTY,GEORGIA,13,SOUTH CENTRAL,80,CLINCH,65, 
COUNTY,GEORGIA,13,SOUTH CENTRAL,80,COFFEE,69,"42,607"
COUNTY,GEORGIA,13,SOUTH CENTRAL,80,COLQUITT,71,"50,150"
COUNTY,GEORGIA,13,SOUTH CENTRAL,80,COOK,75,"21,197"
COUNTY,GEORGIA,13,SOUTH CENTRAL,80,CRISP,81,"35,312"
COUNTY,GEORGIA,13,SOUTH CENTRAL,80,DOOLY,93,"71,495"
COUNTY,GEORGIA,13,SOUTH CENTRAL,80,ECHOLS,101,"1,300"
COUNTY,GEORGIA,13,SOUTH CENTRAL,80,IRWIN,155,"32,760"
COUNTY,GEORGIA,13,SOUTH CENTRAL,80,JEFF DAVIS,161,"18,699"
COUNTY,GEORGIA,13,SOUTH CENTRAL,80,LANIER,173,"9,846"
COUNTY,GEORGIA,13,SOUTH CENTRAL,80,LOWNDES,185,"2,110"
COUNTY,GEORGIA,13,SOUTH CENTRAL,80,TELFAIR,271,"5,599"
COUNTY,GEORGIA,13,SOUTH CENTRAL,80,TIFT,277,"32,240"
COUNTY,GEORGIA,13,SOUTH CENTRAL,80,TURNER,287,"23,412"
COUNTY,GEORGIA,13,SOUTH CENTRAL,80,WILCOX,315,"25,013"
COUNTY,GEORGIA,13,SOUTH CENTRAL,80,WORTH,321,"55,128"
COUNTY,GEORGIA,13,SOUTHEAST,90,APPLING,1,"35,684"
COUNTY,GEORGIA,13,SOUTHEAST,90,BACON,5,"14,059"
COUNTY,GEORGIA,13,SOUTHEAST,90,BRANTLEY,25,35
COUNTY,GEORGIA,13,SOUTHEAST,90,BRYAN,29, 
COUNTY,GEORGIA,13,SOUTHEAST,90,EVANS,109,"5,467"
COUNTY,GEORGIA,13,SOUTHEAST,90,PIERCE,229,"17,614"
COUNTY,GEORGIA,13,SOUTHEAST,90,TATTNALL,267,"7,575"
COUNTY,GEORGIA,13,SOUTHEAST,90,TOOMBS,279,"8,523"
COUNTY,GEORGIA,13,SOUTHEAST,90,WARE,299,"6,240"
COUNTY,GEORGIA,13,SOUTHEAST,90,WAYNE,305,"5,530"
COUNTY,GEORGIA,13,SOUTHWEST,70,BAKER,7,"13,298"
COUNTY,GEORGIA,13,SOUTHWEST,70,CALHOUN,37,"20,370"
COUNTY,GEORGIA,13,SOUTHWEST,70,CLAY,61,"8,047"
COUNTY,GEORGIA,13,SOUTHWEST,70,DECATUR,87,"46,223"
COUNTY,GEORGIA,13,SOUTHWEST,70,DOUGHERTY,95,"2,565"
COUNTY,GEORGIA,13,SOUTHWEST,70,EARLY,99,"29,753"
COUNTY,GEORGIA,13,SOUTHWEST,70,GRADY,131,"21,978"
COUNTY,GEORGIA,13,SOUTHWEST,70,LEE,177,"15,802"
COUNTY,GEORGIA,13,SOUTHWEST,70,MILLER,201,"19,487"
COUNTY,GEORGIA,13,SOUTHWEST,70,MITCHELL,205,"38,694"
COUNTY,GEORGIA,13,SOUTHWEST,70,QUITMAN,239, 
COUNTY,GEORGIA,13,SOUTHWEST,70,RANDOLPH,243,"13,073"
COUNTY,GEORGIA,13,SOUTHWEST,70,SEMINOLE,253,"24,563"
COUNTY,GEORGIA,13,SOUTHWEST,70,STEWART,259,853
COUNTY,GEORGIA,13,SOUTHWEST,70,SUMTER,261,"28,269"
COUNTY,GEORGIA,13,SOUTHWEST,70,TERRELL,273,"29,253"
COUNTY,GEORGIA,13,SOUTHWEST,70,THOMAS,275,"41,021"
COUNTY,GEORGIA,13,SOUTHWEST,70,WEBSTER,307,"9,480"
COUNTY,GEORGIA,13,WEST CENTRAL,40,FAYETTE,113, 
COUNTY,GEORGIA,13,WEST CENTRAL,40,MACON,193,"18,178"
COUNTY,GEORGIA,13,WEST CENTRAL,40,MARION,197,"1,189"
COUNTY,GEORGIA,13,WEST CENTRAL,40,SCHLEY,249,665
COUNTY,GEORGIA,13,WEST CENTRAL,40,TAYLOR,269, 
COUNTY,KANSAS,20,CENTRAL,50,MARION,115, 
COUNTY,KANSAS,20,CENTRAL,50,RICE,159, 
COUNTY,KANSAS,20,NORTH CENTRAL,40,ROOKS,163,18
COUNTY,KANSAS,20,SOUTH CENTRAL,60,BARBER,7,"8,022"
COUNTY,KANSAS,20,SOUTH CENTRAL,60,EDWARDS,47, 
COUNTY,KANSAS,20,SOUTH CENTRAL,60,HARPER,77,"8,316"
COUNTY,KANSAS,20,SOUTH CENTRAL,60,HARVEY,79,"2,000"
COUNTY,KANSAS,20,SOUTH CENTRAL,60,KINGMAN,95,"4,227"
COUNTY,KANSAS,20,SOUTH CENTRAL,60,KIOWA,97,"3,328"
COUNTY,KANSAS,20,SOUTH CENTRAL,60,PAWNEE,145, 
COUNTY,KANSAS,20,SOUTH CENTRAL,60,PRATT,151,"17,979"
COUNTY,KANSAS,20,SOUTH CENTRAL,60,RENO,155,"1,533"
COUNTY,KANSAS,20,SOUTH CENTRAL,60,SEDGWICK,173,"1,356"
COUNTY,KANSAS,20,SOUTH CENTRAL,60,SUMNER,191,"21,360"
COUNTY,KANSAS,20,SOUTHEAST,90,BUTLER,15, 
COUNTY,KANSAS,20,SOUTHEAST,90,COWLEY,35,"8,462"
COUNTY,KANSAS,20,SOUTHWEST,30,FORD,57, 
COUNTY,KANSAS,20,SOUTHWEST,30,GRANT,67,302
COUNTY,KANSAS,20,SOUTHWEST,30,HAMILTON,75, 
COUNTY,KANSAS,20,SOUTHWEST,30,HASKELL,81, 
COUNTY,KANSAS,20,SOUTHWEST,30,MORTON,129,792
COUNTY,KANSAS,20,SOUTHWEST,30,SEWARD,175,"3,282"
COUNTY,KANSAS,20,SOUTHWEST,30,STEVENS,189,"11,792"
COUNTY,LOUISIANA,22,CENTRAL,50,AVOYELLES,9,"5,654"
COUNTY,LOUISIANA,22,CENTRAL,50,CATAHOULA,25,"22,707"
COUNTY,LOUISIANA,22,CENTRAL,50,CONCORDIA,29,"17,905"
COUNTY,LOUISIANA,22,CENTRAL,50,GRANT,43,"4,457"
COUNTY,LOUISIANA,22,CENTRAL,50,POINTE COUPEE,77,"1,400"
COUNTY,LOUISIANA,22,CENTRAL,50,RAPIDES,79,"9,567"
COUNTY,LOUISIANA,22,CENTRAL,50,SAINT LANDRY,97, 
COUNTY,LOUISIANA,22,EAST CENTRAL,60,WEST FELICIANA,125, 
COUNTY,LOUISIANA,22,NORTH CENTRAL,20,CALDWELL,21,"1,837"
COUNTY,LOUISIANA,22,NORTH CENTRAL,20,OUACHITA,73,"4,370"
COUNTY,LOUISIANA,22,NORTHEAST,30,EAST CARROLL,35,"10,698"
COUNTY,LOUISIANA,22,NORTHEAST,30,FRANKLIN,41,"9,223"
COUNTY,LOUISIANA,22,NORTHEAST,30,MADISON,65,"21,997"
COUNTY,LOUISIANA,22,NORTHEAST,30,MOREHOUSE,67,"12,817"
COUNTY,LOUISIANA,22,NORTHEAST,30,RICHLAND,83,"24,196"
COUNTY,LOUISIANA,22,NORTHEAST,30,TENSAS,107,"39,355"
COUNTY,LOUISIANA,22,NORTHEAST,30,WEST CARROLL,123,"1,272"
COUNTY,LOUISIANA,22,NORTHWEST,10,BOSSIER,15,"2,856"
COUNTY,LOUISIANA,22,NORTHWEST,10,CADDO,17,"19,164"
COUNTY,LOUISIANA,22,NORTHWEST,10,DE SOTO,31, 
COUNTY,LOUISIANA,22,NORTHWEST,10,RED RIVER,81, 
COUNTY,LOUISIANA,22,WEST CENTRAL,40,NATCHITOCHES,69,"5,436"
COUNTY,MISSISSIPPI,28,CENTRAL,50,ATTALA,7, 
COUNTY,MISSISSIPPI,28,CENTRAL,50,CARROLL,15,"21,892"
COUNTY,MISSISSIPPI,28,CENTRAL,50,CHOCTAW,19, 
COUNTY,MISSISSIPPI,28,CENTRAL,50,HOLMES,51,"43,979"
COUNTY,MISSISSIPPI,28,CENTRAL,50,LEAKE,79,"1,296"
COUNTY,MISSISSIPPI,28,CENTRAL,50,MADISON,89,"4,997"
COUNTY,MISSISSIPPI,28,CENTRAL,50,MONTGOMERY,97,"4,967"
COUNTY,MISSISSIPPI,28,CENTRAL,50,RANKIN,121,"1,840"
COUNTY,MISSISSIPPI,28,CENTRAL,50,SCOTT,123,960
COUNTY,MISSISSIPPI,28,CENTRAL,50,WEBSTER,155,"6,151"
COUNTY,MISSISSIPPI,28,EAST CENTRAL,60,CHICKASAW,17,"1,944"
COUNTY,MISSISSIPPI,28,EAST CENTRAL,60,CLAY,25, 
COUNTY,MISSISSIPPI,28,EAST CENTRAL,60,LOWNDES,87,"13,325"
COUNTY,MISSISSIPPI,28,EAST CENTRAL,60,MONROE,95,"7,266"
COUNTY,MISSISSIPPI,28,EAST CENTRAL,60,NOXUBEE,103,"23,095"
COUNTY,MISSISSIPPI,28,EAST CENTRAL,60,OKTIBBEHA,105, 
COUNTY,MISSISSIPPI,28,EAST CENTRAL,60,WINSTON,159, 
COUNTY,MISSISSIPPI,28,LOWER DELTA,40,HUMPHREYS,53,"21,427"
COUNTY,MISSISSIPPI,28,LOWER DELTA,40,ISSAQUENA,55,"7,833"
COUNTY,MISSISSIPPI,28,LOWER DELTA,40,LEFLORE,83,"43,857"
COUNTY,MISSISSIPPI,28,LOWER DELTA,40,SHARKEY,125,"13,787"
COUNTY,MISSISSIPPI,28,LOWER DELTA,40,SUNFLOWER,133,"20,705"
COUNTY,MISSISSIPPI,28,LOWER DELTA,40,WASHINGTON,151,"22,758"
COUNTY,MISSISSIPPI,28,LOWER DELTA,40,YAZOO,163,"30,802"
COUNTY,MISSISSIPPI,28,NORTH CENTRAL,20,BENTON,9, 
COUNTY,MISSISSIPPI,28,NORTH CENTRAL,20,CALHOUN,13,"9,050"
COUNTY,MISSISSIPPI,28,NORTH CENTRAL,20,DE SOTO,33,"6,122"
COUNTY,MISSISSIPPI,28,NORTH CENTRAL,20,GRENADA,43, 
COUNTY,MISSISSIPPI,28,NORTH CENTRAL,20,LAFAYETTE,71,"3,143"
COUNTY,MISSISSIPPI,28,NORTH CENTRAL,20,MARSHALL,93,"2,342"
COUNTY,MISSISSIPPI,28,NORTH CENTRAL,20,PANOLA,107,"28,861"
COUNTY,MISSISSIPPI,28,NORTH CENTRAL,20,TATE,137,"5,389"
COUNTY,MISSISSIPPI,28,NORTH CENTRAL,20,YALOBUSHA,161,"5,334"
COUNTY,MISSISSIPPI,28,NORTHEAST,30,ALCORN,3,"3,088"
COUNTY,MISSISSIPPI,28,NORTHEAST,30,ITAWAMBA,57,"2,200"
COUNTY,MISSISSIPPI,28,NORTHEAST,30,LEE,81,"6,171"
COUNTY,MISSISSIPPI,28,NORTHEAST,30,PONTOTOC,115,645
COUNTY,MISSISSIPPI,28,NORTHEAST,30,PRENTISS,117,"2,610"
COUNTY,MISSISSIPPI,28,NORTHEAST,30,TIPPAH,139,"3,395"
COUNTY,MISSISSIPPI,28,NORTHEAST,30,TISHOMINGO,141,"9,700"
COUNTY,MISSISSIPPI,28,NORTHEAST,30,UNION,145, 
COUNTY,MISSISSIPPI,28,SOUTH CENTRAL,80,COVINGTON,31, 
COUNTY,MISSISSIPPI,28,SOUTH CENTRAL,80,SMITH,129, 
COUNTY,MISSISSIPPI,28,SOUTHEAST AND COASTAL,90,FORREST,35, 
COUNTY,MISSISSIPPI,28,SOUTHEAST AND COASTAL,90,GEORGE,39,"2,700"
COUNTY,MISSISSIPPI,28,SOUTHEAST AND COASTAL,90,JACKSON,59, 
COUNTY,MISSISSIPPI,28,SOUTHEAST AND COASTAL,90,PERRY,111, 
COUNTY,MISSISSIPPI,28,SOUTHEAST AND COASTAL,90,STONE,131, 
COUNTY,MISSISSIPPI,28,SOUTHWEST,70,ADAMS,1,"2,270"
COUNTY,MISSISSIPPI,28,SOUTHWEST,70,CLAIBORNE,21,"3,337"
COUNTY,MISSISSIPPI,28,SOUTHWEST,70,COPIAH,29, 
COUNTY,MISSISSIPPI,28,SOUTHWEST,70,HINDS,49,"4,317"
COUNTY,MISSISSIPPI,28,SOUTHWEST,70,JEFFERSON,63, 
COUNTY,MISSISSIPPI,28,SOUTHWEST,70,WARREN,149,"9,212"
COUNTY,MISSISSIPPI,28,UPPER DELTA,10,BOLIVAR,11,"13,680"
COUNTY,MISSISSIPPI,28,UPPER DELTA,10,COAHOMA,27,"91,135"
COUNTY,MISSISSIPPI,28,UPPER DELTA,10,QUITMAN,119,"25,186"
COUNTY,MISSISSIPPI,28,UPPER DELTA,10,TALLAHATCHIE,135,"44,082"
COUNTY,MISSISSIPPI,28,UPPER DELTA,10,TUNICA,143,"33,434"
COUNTY,MISSOURI,29,SOUTHEAST,90,DUNKLIN,69,"98,930"
COUNTY,MISSOURI,29,SOUTHEAST,90,NEW MADRID,143,"87,247"
COUNTY,MISSOURI,29,SOUTHEAST,90,PEMISCOT,155,"37,952"
COUNTY,MISSOURI,29,SOUTHEAST,90,SCOTT,201,"6,311"
COUNTY,MISSOURI,29,SOUTHEAST,90,STODDARD,207,"73,756"
COUNTY,NEW MEXICO,35,NORTHEAST,30,CURRY,9,"5,654"
COUNTY,NEW MEXICO,35,NORTHEAST,30,QUAY,37,"2,452"
COUNTY,NEW MEXICO,35,NORTHEAST,30,ROOSEVELT,41,"4,427"
COUNTY,NEW MEXICO,35,SOUTHEAST,90,CHAVES,5,"3,216"
COUNTY,NEW MEXICO,35,SOUTHEAST,90,DONA ANA,13,"11,626"
COUNTY,NEW MEXICO,35,SOUTHEAST,90,EDDY,15,"3,495"
COUNTY,NEW MEXICO,35,SOUTHEAST,90,LEA,25,"16,375"
COUNTY,NEW MEXICO,35,SOUTHWEST,70,HIDALGO,23, 
COUNTY,NEW MEXICO,35,SOUTHWEST,70,LUNA,29,"2,923"
COUNTY,NEW MEXICO,35,SOUTHWEST,70,SIERRA,51, 
COUNTY,NORTH CAROLINA,37,CENTRAL COASTAL,80,BEAUFORT,13,"9,236"
COUNTY,NORTH CAROLINA,37,CENTRAL COASTAL,80,CARTERET,31, 
COUNTY,NORTH CAROLINA,37,CENTRAL COASTAL,80,CRAVEN,49,"2,861"
COUNTY,NORTH CAROLINA,37,CENTRAL COASTAL,80,GREENE,79,"5,706"
COUNTY,NORTH CAROLINA,37,CENTRAL COASTAL,80,HYDE,95,"8,094"
COUNTY,NORTH CAROLINA,37,CENTRAL COASTAL,80,JOHNSTON,101,"4,547"
COUNTY,NORTH CAROLINA,37,CENTRAL COASTAL,80,JONES,103,"13,079"
COUNTY,NORTH CAROLINA,37,CENTRAL COASTAL,80,LENOIR,107,"7,697"
COUNTY,NORTH CAROLINA,37,CENTRAL COASTAL,80,PITT,147,"13,527"
COUNTY,NORTH CAROLINA,37,CENTRAL COASTAL,80,WAYNE,191,"4,434"
COUNTY,NORTH CAROLINA,37,CENTRAL COASTAL,80,WILSON,195,"8,525"
COUNTY,NORTH CAROLINA,37,CENTRAL PIEDMONT,50,DAVIE,59, 
COUNTY,NORTH CAROLINA,37,CENTRAL PIEDMONT,50,RANDOLPH,151, 
COUNTY,NORTH CAROLINA,37,CENTRAL PIEDMONT,50,ROWAN,159,612
COUNTY,NORTH CAROLINA,37,CENTRAL PIEDMONT,50,WAKE,183, 
COUNTY,NORTH CAROLINA,37,NORTHERN COASTAL,70,BERTIE,15,"21,298"
COUNTY,NORTH CAROLINA,37,NORTHERN COASTAL,70,CAMDEN,29, 
COUNTY,NORTH CAROLINA,37,NORTHERN COASTAL,70,CHOWAN,41,"9,461"
COUNTY,NORTH CAROLINA,37,NORTHERN COASTAL,70,EDGECOMBE,65,"14,236"
COUNTY,NORTH CAROLINA,37,NORTHERN COASTAL,70,GATES,73,"10,226"
COUNTY,NORTH CAROLINA,37,NORTHERN COASTAL,70,HALIFAX,83,"48,492"
COUNTY,NORTH CAROLINA,37,NORTHERN COASTAL,70,HERTFORD,91,"13,768"
COUNTY,NORTH CAROLINA,37,NORTHERN COASTAL,70,MARTIN,117,"32,351"
COUNTY,NORTH CAROLINA,37,NORTHERN COASTAL,70,NASH,127,"6,816"
COUNTY,NORTH CAROLINA,37,NORTHERN COASTAL,70,NORTHAMPTON,131,"43,390"
COUNTY,NORTH CAROLINA,37,NORTHERN COASTAL,70,PASQUOTANK,139, 
COUNTY,NORTH CAROLINA,37,NORTHERN COASTAL,70,PERQUIMANS,143,"5,937"
COUNTY,NORTH CAROLINA,37,NORTHERN COASTAL,70,TYRRELL,177, 
COUNTY,NORTH CAROLINA,37,NORTHERN COASTAL,70,WASHINGTON,187,"7,788"
COUNTY,NORTH CAROLINA,37,NORTHERN PIEDMONT,40,FRANKLIN,69, 
COUNTY,NORTH CAROLINA,37,NORTHERN PIEDMONT,40,WARREN,185, 
COUNTY,NORTH CAROLINA,37,SOUTHERN COASTAL,90,BLADEN,17,900
COUNTY,NORTH CAROLINA,37,SOUTHERN COASTAL,90,BRUNSWICK,19, 
COUNTY,NORTH CAROLINA,37,SOUTHERN COASTAL,90,COLUMBUS,47,"1,638"
COUNTY,NORTH CAROLINA,37,SOUTHERN COASTAL,90,CUMBERLAND,51,"3,314"
COUNTY,NORTH CAROLINA,37,SOUTHERN COASTAL,90,DUPLIN,61,"5,683"
COUNTY,NORTH CAROLINA,37,SOUTHERN COASTAL,90,HARNETT,85,"6,602"
COUNTY,NORTH CAROLINA,37,SOUTHERN COASTAL,90,HOKE,93,"5,667"
COUNTY,NORTH CAROLINA,37,SOUTHERN COASTAL,90,ONSLOW,133,"2,900"
COUNTY,NORTH CAROLINA,37,SOUTHERN COASTAL,90,PENDER,141, 
COUNTY,NORTH CAROLINA,37,SOUTHERN COASTAL,90,ROBESON,155,"10,803"
COUNTY,NORTH CAROLINA,37,SOUTHERN COASTAL,90,SAMPSON,163,"11,161"
COUNTY,NORTH CAROLINA,37,SOUTHERN COASTAL,90,SCOTLAND,165,"3,761"
COUNTY,NORTH CAROLINA,37,SOUTHERN PIEDMONT,60,ANSON,7,892
COUNTY,NORTH CAROLINA,37,SOUTHERN PIEDMONT,60,CABARRUS,25, 
COUNTY,NORTH CAROLINA,37,SOUTHERN PIEDMONT,60,CLEVELAND,45, 
COUNTY,NORTH CAROLINA,37,SOUTHERN PIEDMONT,60,LINCOLN,109, 
COUNTY,NORTH CAROLINA,37,SOUTHERN PIEDMONT,60,MONTGOMERY,123,262
COUNTY,NORTH CAROLINA,37,SOUTHERN PIEDMONT,60,MOORE,125, 
COUNTY,NORTH CAROLINA,37,SOUTHERN PIEDMONT,60,RICHMOND,153, 
COUNTY,NORTH CAROLINA,37,SOUTHERN PIEDMONT,60,STANLY,167,"10,675"
COUNTY,NORTH CAROLINA,37,SOUTHERN PIEDMONT,60,UNION,179,"2,692"
COUNTY,OKLAHOMA,40,CENTRAL,50,CANADIAN,17,"3,076"
COUNTY,OKLAHOMA,40,CENTRAL,50,GRADY,51,"4,001"
COUNTY,OKLAHOMA,40,CENTRAL,50,KINGFISHER,73, 
COUNTY,OKLAHOMA,40,CENTRAL,50,LINCOLN,81,"3,854"
COUNTY,OKLAHOMA,40,CENTRAL,50,MCCLAIN,87, 
COUNTY,OKLAHOMA,40,CENTRAL,50,OKLAHOMA,109,"4,000"
COUNTY,OKLAHOMA,40,NORTH CENTRAL,40,ALFALFA,3,138
COUNTY,OKLAHOMA,40,NORTH CENTRAL,40,GARFIELD,47, 
COUNTY,OKLAHOMA,40,NORTH CENTRAL,40,GRANT,53,"3,512"
COUNTY,OKLAHOMA,40,NORTH CENTRAL,40,KAY,71,"6,500"
COUNTY,OKLAHOMA,40,NORTH CENTRAL,40,MAJOR,93,912
COUNTY,OKLAHOMA,40,NORTH CENTRAL,40,NOBLE,103,"1,680"
COUNTY,OKLAHOMA,40,NORTH CENTRAL,40,WOODWARD,153, 
COUNTY,OKLAHOMA,40,NORTHEAST,70,DELAWARE,41, 
COUNTY,OKLAHOMA,40,PANHANDLE,10,BEAVER,7,"2,623"
COUNTY,OKLAHOMA,40,PANHANDLE,10,CIMARRON,25,"1,408"
COUNTY,OKLAHOMA,40,PANHANDLE,10,ELLIS,45, 
COUNTY,OKLAHOMA,40,PANHANDLE,10,TEXAS,139,"10,193"
COUNTY,OKLAHOMA,40,SOUTHEAST,90,MCCURTAIN,89, 
COUNTY,OKLAHOMA,40,SOUTHWEST,30,CADDO,15,"19,530"
COUNTY,OKLAHOMA,40,SOUTHWEST,30,COMANCHE,31,"24,829"
COUNTY,OKLAHOMA,40,SOUTHWEST,30,COTTON,33,"8,251"
COUNTY,OKLAHOMA,40,SOUTHWEST,30,GREER,55,"14,843"
COUNTY,OKLAHOMA,40,SOUTHWEST,30,HARMON,57,"32,477"
COUNTY,OKLAHOMA,40,SOUTHWEST,30,JACKSON,65,"1,43,950"
COUNTY,OKLAHOMA,40,SOUTHWEST,30,KIOWA,75,"31,059"
COUNTY,OKLAHOMA,40,SOUTHWEST,30,TILLMAN,141,"1,41,190"
COUNTY,OKLAHOMA,40,WEST CENTRAL,20,BECKHAM,9,"21,534"
COUNTY,OKLAHOMA,40,WEST CENTRAL,20,BLAINE,11,"2,798"
COUNTY,OKLAHOMA,40,WEST CENTRAL,20,CUSTER,39,"7,755"
COUNTY,OKLAHOMA,40,WEST CENTRAL,20,ROGER MILLS,129,"10,201"
COUNTY,OKLAHOMA,40,WEST CENTRAL,20,WASHITA,149,"48,938"
COUNTY,SOUTH CAROLINA,45,CENTRAL,50,CALHOUN,17,"28,785"
COUNTY,SOUTH CAROLINA,45,CENTRAL,50,CLARENDON,27,"10,925"
COUNTY,SOUTH CAROLINA,45,CENTRAL,50,LEE,61,"13,177"
COUNTY,SOUTH CAROLINA,45,CENTRAL,50,LEXINGTON,63,"1,595"
COUNTY,SOUTH CAROLINA,45,CENTRAL,50,ORANGEBURG,75,"33,582"
COUNTY,SOUTH CAROLINA,45,CENTRAL,50,RICHLAND,79,"1,976"
COUNTY,SOUTH CAROLINA,45,CENTRAL,50,SUMTER,85,"8,063"
COUNTY,SOUTH CAROLINA,45,EASTERN,30,CHESTERFIELD,25,848
COUNTY,SOUTH CAROLINA,45,EASTERN,30,DARLINGTON,31,"25,640"
COUNTY,SOUTH CAROLINA,45,EASTERN,30,DILLON,33,"6,524"
COUNTY,SOUTH CAROLINA,45,EASTERN,30,FLORENCE,41,"10,730"
COUNTY,SOUTH CAROLINA,45,EASTERN,30,GEORGETOWN,43,"1,219"
COUNTY,SOUTH CAROLINA,45,EASTERN,30,HORRY,51,"7,335"
COUNTY,SOUTH CAROLINA,45,EASTERN,30,MARION,67,"2,715"
COUNTY,SOUTH CAROLINA,45,EASTERN,30,MARLBORO,69,"13,789"
COUNTY,SOUTH CAROLINA,45,EASTERN,30,WILLIAMSBURG,89,"18,420"
COUNTY,SOUTH CAROLINA,45,NORTH CENTRAL,20,CHESTER,23,"4,584"
COUNTY,SOUTH CAROLINA,45,NORTH CENTRAL,20,YORK,91,"5,818"
COUNTY,SOUTH CAROLINA,45,NORTHWEST,10,ANDERSON,7, 
COUNTY,SOUTH CAROLINA,45,SOUTHERN,80,ALLENDALE,5,"1,666"
COUNTY,SOUTH CAROLINA,45,SOUTHERN,80,BAMBERG,9,"8,539"
COUNTY,SOUTH CAROLINA,45,SOUTHERN,80,BARNWELL,11,"11,291"
COUNTY,SOUTH CAROLINA,45,SOUTHERN,80,BERKELEY,15,310
COUNTY,SOUTH CAROLINA,45,SOUTHERN,80,COLLETON,29,"4,304"
COUNTY,SOUTH CAROLINA,45,SOUTHERN,80,DORCHESTER,35,"6,237"
COUNTY,SOUTH CAROLINA,45,SOUTHERN,80,HAMPTON,49,"15,854"
COUNTY,SOUTH CAROLINA,45,SOUTHERN,80,JASPER,53, 
COUNTY,SOUTH CAROLINA,45,WEST CENTRAL,40,ABBEVILLE,1, 
COUNTY,SOUTH CAROLINA,45,WEST CENTRAL,40,AIKEN,3,"3,887"
COUNTY,SOUTH CAROLINA,45,WEST CENTRAL,40,EDGEFIELD,37, 
COUNTY,SOUTH CAROLINA,45,WEST CENTRAL,40,NEWBERRY,71, 
COUNTY,TENNESSEE,47,CENTRAL BASIN,40,GILES,55, 
COUNTY,TENNESSEE,47,CENTRAL BASIN,40,LINCOLN,103,"9,758"
COUNTY,TENNESSEE,47,CENTRAL BASIN,40,MACON,111, 
COUNTY,TENNESSEE,47,CENTRAL BASIN,40,RUTHERFORD,149, 
COUNTY,TENNESSEE,47,CUMBERLAND PLATEAU,50,FRANKLIN,51, 
COUNTY,TENNESSEE,47,DELTA,10,DYER,45,"21,395"
COUNTY,TENNESSEE,47,DELTA,10,LAKE,95,"6,592"
COUNTY,TENNESSEE,47,DELTA,10,LAUDERDALE,97,"20,410"
COUNTY,TENNESSEE,47,DELTA,10,OBION,131, 
COUNTY,TENNESSEE,47,DELTA,10,SHELBY,157,"9,491"
COUNTY,TENNESSEE,47,DELTA,10,TIPTON,167,"26,529"
COUNTY,TENNESSEE,47,EAST TENNESSEE,60,CARTER,19, 
COUNTY,TENNESSEE,47,WEST TENNESSEE,20,CARROLL,17,"22,958"
COUNTY,TENNESSEE,47,WEST TENNESSEE,20,CHESTER,23,"3,082"
COUNTY,TENNESSEE,47,WEST TENNESSEE,20,CROCKETT,33,"42,272"
COUNTY,TENNESSEE,47,WEST TENNESSEE,20,FAYETTE,47,"43,084"
COUNTY,TENNESSEE,47,WEST TENNESSEE,20,GIBSON,53,"29,231"
COUNTY,TENNESSEE,47,WEST TENNESSEE,20,HARDEMAN,69,"17,067"
COUNTY,TENNESSEE,47,WEST TENNESSEE,20,HARDIN,71, 
COUNTY,TENNESSEE,47,WEST TENNESSEE,20,HAYWOOD,75,"55,640"
COUNTY,TENNESSEE,47,WEST TENNESSEE,20,HENDERSON,77,447
COUNTY,TENNESSEE,47,WEST TENNESSEE,20,HENRY,79, 
COUNTY,TENNESSEE,47,WEST TENNESSEE,20,MADISON,113,"22,177"
COUNTY,TENNESSEE,47,WEST TENNESSEE,20,MCNAIRY,109,"6,520"
COUNTY,TENNESSEE,47,WEST TENNESSEE,20,WEAKLEY,183, 
COUNTY,TENNESSEE,47,WESTERN RIM,30,LAWRENCE,99, 
COUNTY,TEXAS,48,BLACKLANDS,40,BELL,27,"6,261"
COUNTY,TEXAS,48,BLACKLANDS,40,BOSQUE,35,"6,243"
COUNTY,TEXAS,48,BLACKLANDS,40,COLLIN,85,840
COUNTY,TEXAS,48,BLACKLANDS,40,COOKE,97, 
COUNTY,TEXAS,48,BLACKLANDS,40,CORYELL,99, 
COUNTY,TEXAS,48,BLACKLANDS,40,DELTA,119, 
COUNTY,TEXAS,48,BLACKLANDS,40,DENTON,121,"3,310"
COUNTY,TEXAS,48,BLACKLANDS,40,ELLIS,139,"24,348"
COUNTY,TEXAS,48,BLACKLANDS,40,FALLS,145,"4,676"
COUNTY,TEXAS,48,BLACKLANDS,40,FANNIN,147,"2,965"
COUNTY,TEXAS,48,BLACKLANDS,40,GRAYSON,181, 
COUNTY,TEXAS,48,BLACKLANDS,40,HAMILTON,193,742
COUNTY,TEXAS,48,BLACKLANDS,40,HILL,217,"20,690"
COUNTY,TEXAS,48,BLACKLANDS,40,HUNT,231,"5,561"
COUNTY,TEXAS,48,BLACKLANDS,40,JOHNSON,251,"3,634"
COUNTY,TEXAS,48,BLACKLANDS,40,KAUFMAN,257, 
COUNTY,TEXAS,48,BLACKLANDS,40,LAMAR,277,"5,607"
COUNTY,TEXAS,48,BLACKLANDS,40,LIMESTONE,293,"4,687"
COUNTY,TEXAS,48,BLACKLANDS,40,MCLENNAN,309,"11,308"
COUNTY,TEXAS,48,BLACKLANDS,40,MILAM,331,"13,473"
COUNTY,TEXAS,48,BLACKLANDS,40,NAVARRO,349,"26,852"
COUNTY,TEXAS,48,BLACKLANDS,40,ROCKWALL,397, 
COUNTY,TEXAS,48,BLACKLANDS,40,WILLIAMSON,491,"27,204"
COUNTY,TEXAS,48,COASTAL BEND,82,KLEBERG,273,"28,928"
COUNTY,TEXAS,48,COASTAL BEND,82,NUECES,355,"1,28,293"
COUNTY,TEXAS,48,COASTAL BEND,82,REFUGIO,391,"22,920"
COUNTY,TEXAS,48,COASTAL BEND,82,SAN PATRICIO,409,"98,021"
COUNTY,TEXAS,48,CROSS TIMBERS,30,ARCHER,9, 
COUNTY,TEXAS,48,CROSS TIMBERS,30,BROWN,49,"1,358"
COUNTY,TEXAS,48,CROSS TIMBERS,30,CALLAHAN,59, 
COUNTY,TEXAS,48,CROSS TIMBERS,30,CLAY,77,"2,617"
COUNTY,TEXAS,48,CROSS TIMBERS,30,COMANCHE,93,"6,050"
COUNTY,TEXAS,48,CROSS TIMBERS,30,EASTLAND,133, 
COUNTY,TEXAS,48,CROSS TIMBERS,30,ERATH,143,195
COUNTY,TEXAS,48,CROSS TIMBERS,30,PARKER,367, 
COUNTY,TEXAS,48,CROSS TIMBERS,30,SHACKELFORD,417, 
COUNTY,TEXAS,48,CROSS TIMBERS,30,THROCKMORTON,447,"2,681"
COUNTY,TEXAS,48,CROSS TIMBERS,30,WISE,497, 
COUNTY,TEXAS,48,CROSS TIMBERS,30,YOUNG,503,777
COUNTY,TEXAS,48,EAST TEXAS NORTH,51,ANDERSON,1, 
COUNTY,TEXAS,48,EAST TEXAS NORTH,51,BOWIE,37, 
COUNTY,TEXAS,48,EAST TEXAS NORTH,51,FRANKLIN,159, 
COUNTY,TEXAS,48,EAST TEXAS NORTH,51,HARRISON,203, 
COUNTY,TEXAS,48,EAST TEXAS NORTH,51,HOPKINS,223,715
COUNTY,TEXAS,48,EAST TEXAS NORTH,51,HOUSTON,225, 
COUNTY,TEXAS,48,EAST TEXAS SOUTH,52,BRAZOS,41,"11,527"
COUNTY,TEXAS,48,EAST TEXAS SOUTH,52,FREESTONE,161, 
COUNTY,TEXAS,48,EAST TEXAS SOUTH,52,GRIMES,185, 
COUNTY,TEXAS,48,EAST TEXAS SOUTH,52,MADISON,313, 
COUNTY,TEXAS,48,EAST TEXAS SOUTH,52,ROBERTSON,395,"12,309"
COUNTY,TEXAS,48,EAST TEXAS SOUTH,52,SAN JACINTO,407, 
COUNTY,TEXAS,48,EAST TEXAS SOUTH,52,WALKER,471, 
COUNTY,TEXAS,48,EAST TEXAS SOUTH,52,WALLER,473, 
COUNTY,TEXAS,48,EDWARDS PLATEAU,70,BLANCO,31, 
COUNTY,TEXAS,48,EDWARDS PLATEAU,70,BURNET,53, 
COUNTY,TEXAS,48,EDWARDS PLATEAU,70,COKE,81,996
COUNTY,TEXAS,48,EDWARDS PLATEAU,70,CONCHO,95,"23,660"
COUNTY,TEXAS,48,EDWARDS PLATEAU,70,IRION,235, 
COUNTY,TEXAS,48,EDWARDS PLATEAU,70,KINNEY,271, 
COUNTY,TEXAS,48,EDWARDS PLATEAU,70,LLANO,299, 
COUNTY,TEXAS,48,EDWARDS PLATEAU,70,MCCULLOCH,307,"5,535"
COUNTY,TEXAS,48,EDWARDS PLATEAU,70,REAGAN,383,"28,866"
COUNTY,TEXAS,48,EDWARDS PLATEAU,70,SAN SABA,411, 
COUNTY,TEXAS,48,EDWARDS PLATEAU,70,SCHLEICHER,413,"9,935"
COUNTY,TEXAS,48,EDWARDS PLATEAU,70,TOM GREEN,451,"54,377"
COUNTY,TEXAS,48,EDWARDS PLATEAU,70,UPTON,461,"34,569"
COUNTY,TEXAS,48,EDWARDS PLATEAU,70,UVALDE,463,"10,821"
COUNTY,TEXAS,48,LOWER VALLEY,97,CAMERON,61,"62,127"
COUNTY,TEXAS,48,LOWER VALLEY,97,HIDALGO,215,"61,267"
COUNTY,TEXAS,48,LOWER VALLEY,97,STARR,427,"5,400"
COUNTY,TEXAS,48,LOWER VALLEY,97,WILLACY,489,"69,082"
COUNTY,TEXAS,48,NORTHERN HIGH PLAINS,11,ARMSTRONG,11,"5,878"
COUNTY,TEXAS,48,NORTHERN HIGH PLAINS,11,BRISCOE,45,"35,180"
COUNTY,TEXAS,48,NORTHERN HIGH PLAINS,11,CARSON,65,"83,179"
COUNTY,TEXAS,48,NORTHERN HIGH PLAINS,11,CASTRO,69,"48,683"
COUNTY,TEXAS,48,NORTHERN HIGH PLAINS,11,DALLAM,111,"23,513"
COUNTY,TEXAS,48,NORTHERN HIGH PLAINS,11,DEAF SMITH,117,"40,008"
COUNTY,TEXAS,48,NORTHERN HIGH PLAINS,11,FLOYD,153,"1,93,793"
COUNTY,TEXAS,48,NORTHERN HIGH PLAINS,11,GRAY,179,"28,185"
COUNTY,TEXAS,48,NORTHERN HIGH PLAINS,11,HALE,189,"2,11,914"
COUNTY,TEXAS,48,NORTHERN HIGH PLAINS,11,HANSFORD,195,"62,209"
COUNTY,TEXAS,48,NORTHERN HIGH PLAINS,11,HARTLEY,205,"25,288"
COUNTY,TEXAS,48,NORTHERN HIGH PLAINS,11,HEMPHILL,211, 
COUNTY,TEXAS,48,NORTHERN HIGH PLAINS,11,HUTCHINSON,233,"22,744"
COUNTY,TEXAS,48,NORTHERN HIGH PLAINS,11,LIPSCOMB,295,"2,615"
COUNTY,TEXAS,48,NORTHERN HIGH PLAINS,11,MOORE,341,"33,846"
COUNTY,TEXAS,48,NORTHERN HIGH PLAINS,11,OCHILTREE,357,"44,115"
COUNTY,TEXAS,48,NORTHERN HIGH PLAINS,11,OLDHAM,359,"1,161"
COUNTY,TEXAS,48,NORTHERN HIGH PLAINS,11,PARMER,369,"52,217"
COUNTY,TEXAS,48,NORTHERN HIGH PLAINS,11,POTTER,375, 
COUNTY,TEXAS,48,NORTHERN HIGH PLAINS,11,RANDALL,381,"8,060"
COUNTY,TEXAS,48,NORTHERN HIGH PLAINS,11,ROBERTS,393, 
COUNTY,TEXAS,48,NORTHERN HIGH PLAINS,11,SHERMAN,421,"40,929"
COUNTY,TEXAS,48,NORTHERN HIGH PLAINS,11,SWISHER,437,"1,00,398"
COUNTY,TEXAS,48,NORTHERN LOW PLAINS,21,BORDEN,33,"57,646"
COUNTY,TEXAS,48,NORTHERN LOW PLAINS,21,CHILDRESS,75,"36,586"
COUNTY,TEXAS,48,NORTHERN LOW PLAINS,21,COLLINGSWORTH,87,"58,681"
COUNTY,TEXAS,48,NORTHERN LOW PLAINS,21,COTTLE,101,"28,417"
COUNTY,TEXAS,48,NORTHERN LOW PLAINS,21,DICKENS,125,"35,951"
COUNTY,TEXAS,48,NORTHERN LOW PLAINS,21,DONLEY,129,"16,579"
COUNTY,TEXAS,48,NORTHERN LOW PLAINS,21,FOARD,155, 
COUNTY,TEXAS,48,NORTHERN LOW PLAINS,21,GARZA,169,"41,001"
COUNTY,TEXAS,48,NORTHERN LOW PLAINS,21,HALL,191,"1,05,031"
COUNTY,TEXAS,48,NORTHERN LOW PLAINS,21,HARDEMAN,197,"3,633"
COUNTY,TEXAS,48,NORTHERN LOW PLAINS,21,KENT,263,"2,043"
COUNTY,TEXAS,48,NORTHERN LOW PLAINS,21,KING,269, 
COUNTY,TEXAS,48,NORTHERN LOW PLAINS,21,MOTLEY,345,"6,243"
COUNTY,TEXAS,48,NORTHERN LOW PLAINS,21,WHEELER,483,"13,243"
COUNTY,TEXAS,48,NORTHERN LOW PLAINS,21,WICHITA,485,"20,282"
COUNTY,TEXAS,48,NORTHERN LOW PLAINS,21,WILBARGER,487,"50,100"
COUNTY,TEXAS,48,SOUTH CENTRAL,81,AUSTIN,15,"2,857"
COUNTY,TEXAS,48,SOUTH CENTRAL,81,BEE,25,"14,210"
COUNTY,TEXAS,48,SOUTH CENTRAL,81,BEXAR,29,645
COUNTY,TEXAS,48,SOUTH CENTRAL,81,BURLESON,51,"9,262"
COUNTY,TEXAS,48,SOUTH CENTRAL,81,CALDWELL,55,"7,788"
COUNTY,TEXAS,48,SOUTH CENTRAL,81,COLORADO,89, 
COUNTY,TEXAS,48,SOUTH CENTRAL,81,FAYETTE,149, 
COUNTY,TEXAS,48,SOUTH CENTRAL,81,GOLIAD,175, 
COUNTY,TEXAS,48,SOUTH CENTRAL,81,GONZALES,177, 
COUNTY,TEXAS,48,SOUTH CENTRAL,81,GUADALUPE,187,"1,626"
COUNTY,TEXAS,48,SOUTH CENTRAL,81,HAYS,209,"2,328"
COUNTY,TEXAS,48,SOUTH CENTRAL,81,KARNES,255,"4,195"
COUNTY,TEXAS,48,SOUTH CENTRAL,81,MEDINA,325,"15,537"
COUNTY,TEXAS,48,SOUTH CENTRAL,81,TRAVIS,453,"1,739"
COUNTY,TEXAS,48,SOUTH CENTRAL,81,WASHINGTON,477, 
COUNTY,TEXAS,48,SOUTH CENTRAL,81,WILSON,493,"2,972"
COUNTY,TEXAS,48,SOUTH TEXAS,96,ATASCOSA,13,"1,883"
COUNTY,TEXAS,48,SOUTH TEXAS,96,DIMMIT,127, 
COUNTY,TEXAS,48,SOUTH TEXAS,96,FRIO,163,"5,517"
COUNTY,TEXAS,48,SOUTH TEXAS,96,JIM WELLS,249,"26,247"
COUNTY,TEXAS,48,SOUTH TEXAS,96,LIVE OAK,297,"1,696"
COUNTY,TEXAS,48,SOUTH TEXAS,96,ZAPATA,505, 
COUNTY,TEXAS,48,SOUTH TEXAS,96,ZAVALA,507,"7,694"
COUNTY,TEXAS,48,SOUTHERN HIGH PLAINS,12,ANDREWS,3,"11,314"
COUNTY,TEXAS,48,SOUTHERN HIGH PLAINS,12,BAILEY,17,"77,145"
COUNTY,TEXAS,48,SOUTHERN HIGH PLAINS,12,COCHRAN,79,"1,24,080"
COUNTY,TEXAS,48,SOUTHERN HIGH PLAINS,12,CROSBY,107,"1,77,589"
COUNTY,TEXAS,48,SOUTHERN HIGH PLAINS,12,DAWSON,115,"2,59,949"
COUNTY,TEXAS,48,SOUTHERN HIGH PLAINS,12,GAINES,165,"2,41,339"
COUNTY,TEXAS,48,SOUTHERN HIGH PLAINS,12,GLASSCOCK,173,"1,28,853"
COUNTY,TEXAS,48,SOUTHERN HIGH PLAINS,12,HOCKLEY,219,"1,52,495"
COUNTY,TEXAS,48,SOUTHERN HIGH PLAINS,12,HOWARD,227,"70,458"
COUNTY,TEXAS,48,SOUTHERN HIGH PLAINS,12,LAMB,279,"1,56,911"
COUNTY,TEXAS,48,SOUTHERN HIGH PLAINS,12,LUBBOCK,303,"2,64,305"
COUNTY,TEXAS,48,SOUTHERN HIGH PLAINS,12,LYNN,305,"2,97,817"
COUNTY,TEXAS,48,SOUTHERN HIGH PLAINS,12,MARTIN,317,"1,48,810"
COUNTY,TEXAS,48,SOUTHERN HIGH PLAINS,12,MIDLAND,329,"11,344"
COUNTY,TEXAS,48,SOUTHERN HIGH PLAINS,12,TERRY,445,"2,09,724"
COUNTY,TEXAS,48,SOUTHERN HIGH PLAINS,12,YOAKUM,501,"98,050"
COUNTY,TEXAS,48,SOUTHERN LOW PLAINS,22,BAYLOR,23,"7,896"
COUNTY,TEXAS,48,SOUTHERN LOW PLAINS,22,COLEMAN,83,"5,934"
COUNTY,TEXAS,48,SOUTHERN LOW PLAINS,22,FISHER,151,"76,475"
COUNTY,TEXAS,48,SOUTHERN LOW PLAINS,22,HASKELL,207,"85,786"
COUNTY,TEXAS,48,SOUTHERN LOW PLAINS,22,JONES,253,"79,795"
COUNTY,TEXAS,48,SOUTHERN LOW PLAINS,22,KNOX,275,"16,527"
COUNTY,TEXAS,48,SOUTHERN LOW PLAINS,22,MITCHELL,335,"39,261"
COUNTY,TEXAS,48,SOUTHERN LOW PLAINS,22,NOLAN,353,"60,821"
COUNTY,TEXAS,48,SOUTHERN LOW PLAINS,22,RUNNELS,399,"69,222"
COUNTY,TEXAS,48,SOUTHERN LOW PLAINS,22,SCURRY,415,"67,194"
COUNTY,TEXAS,48,SOUTHERN LOW PLAINS,22,STONEWALL,433,"23,047"
COUNTY,TEXAS,48,SOUTHERN LOW PLAINS,22,TAYLOR,441,"18,085"
COUNTY,TEXAS,48,TRANS-PECOS,60,BREWSTER,43, 
COUNTY,TEXAS,48,TRANS-PECOS,60,EL PASO,141,"14,873"
COUNTY,TEXAS,48,TRANS-PECOS,60,HUDSPETH,229,"2,739"
COUNTY,TEXAS,48,TRANS-PECOS,60,PECOS,371,"3,181"
COUNTY,TEXAS,48,TRANS-PECOS,60,REEVES,389, 
COUNTY,TEXAS,48,UPPER COAST,90,BRAZORIA,39, 
COUNTY,TEXAS,48,UPPER COAST,90,CALHOUN,57,"11,308"
COUNTY,TEXAS,48,UPPER COAST,90,FORT BEND,157,"42,210"
COUNTY,TEXAS,48,UPPER COAST,90,HARRIS,201, 
COUNTY,TEXAS,48,UPPER COAST,90,JACKSON,239,"39,488"
COUNTY,TEXAS,48,UPPER COAST,90,MATAGORDA,321,"25,911"
COUNTY,TEXAS,48,UPPER COAST,90,VICTORIA,469,"13,801"
COUNTY,TEXAS,48,UPPER COAST,90,WHARTON,481,"80,643"
COUNTY,VIRGINIA,51,EASTERN,60,ACCOMACK,1, 
COUNTY,VIRGINIA,51,EASTERN,60,CHARLES CITY,36, 
COUNTY,VIRGINIA,51,EASTERN,60,NORTHAMPTON,131, 
COUNTY,VIRGINIA,51,EASTERN,60,NORTHUMBERLAND,133, 
COUNTY,VIRGINIA,51,SOUTHEASTERN,90,BRUNSWICK,25,158
COUNTY,VIRGINIA,51,SOUTHEASTERN,90,DINWIDDIE,53,"1,578"
COUNTY,VIRGINIA,51,SOUTHEASTERN,90,GREENSVILLE,81,"11,079"
COUNTY,VIRGINIA,51,SOUTHEASTERN,90,ISLE OF WIGHT,93,"13,316"
COUNTY,VIRGINIA,51,SOUTHEASTERN,90,SOUTHAMPTON,175,"38,067"
COUNTY,VIRGINIA,51,SOUTHEASTERN,90,SUFFOLK CITY,800,"14,449"
COUNTY,VIRGINIA,51,SOUTHEASTERN,90,SURRY,181,"2,023"
COUNTY,VIRGINIA,51,SOUTHEASTERN,90,SUSSEX,183,"5,134"
