Geo Level,State,State ANSI,Ag District,Ag District Code,County,County ANSI,Value
COUNTY,ALABAMA,1,BLACK BELT,40,DALLAS,47, 
COUNTY,ALABAMA,1,BLACK BELT,40,ELMORE,51, 
COUNTY,ALABAMA,1,BLACK BELT,40,MACON,87, 
COUNTY,ALABAMA,1,BLACK BELT,40,MARENGO,91, 
COUNTY,ALABAMA,1,BLACK BELT,40,MONTGOMERY,101, 
COUNTY,ALABAMA,1,BLACK BELT,40,SUMTER,119, 
COUNTY,ALABAMA,1,COASTAL PLAINS & GULF COAST,50,ESCAMBIA,53, 
COUNTY,ALABAMA,1,COASTAL PLAINS & GULF COAST,50,MOBILE,97, 
COUNTY,ALABAMA,1,MOUNTAINS & EASTERN VALLEY,20,JACKSON,71, 
COUNTY,ALABAMA,1,NORTHERN VALLEY,10,LAUDERDALE,77, 
COUNTY,ALABAMA,1,NORTHERN VALLEY,10,LAWRENCE,79, 
COUNTY,ALABAMA,1,NORTHERN VALLEY,10,LIMESTONE,83,276
COUNTY,ALABAMA,1,NORTHERN VALLEY,10,MORGAN,103, 
COUNTY,ALABAMA,1,UPPER PLAINS & PIEDMONT,30,CHILTON,21, 
COUNTY,ALABAMA,1,UPPER PLAINS & PIEDMONT,30,LAMAR,75, 
COUNTY,ALABAMA,1,UPPER PLAINS & PIEDMONT,30,LEE,81, 
COUNTY,ALABAMA,1,WIREGRASS,60,BARBOUR,5, 
COUNTY,ALABAMA,1,WIREGRASS,60,COVINGTON,39, 
COUNTY,ALABAMA,1,WIREGRASS,60,DALE,45, 
COUNTY,ALABAMA,1,WIREGRASS,60,GENEVA,61, 
COUNTY,ALABAMA,1,WIREGRASS,60,HENRY,67, 
COUNTY,ALABAMA,1,WIREGRASS,60,HOUSTON,69,85
COUNTY,ARIZONA,4,NORTHERN,10,YAVAPAI,25, 
COUNTY,ARIZONA,4,SOUTHERN,80,COCHISE,3, 
COUNTY,ARIZONA,4,SOUTHERN,80,GRAHAM,9,228
COUNTY,ARIZONA,4,SOUTHERN,80,MARICOPA,13,982
COUNTY,ARIZONA,4,SOUTHERN,80,PINAL,21,"1,156"
COUNTY,ARIZONA,4,SOUTHERN,80,YUMA,27,256
COUNTY,ARKANSAS,5,CENTRAL,50,FAULKNER,45, 
COUNTY,ARKANSAS,5,EAST CENTRAL,60,ARKANSAS,1, 
COUNTY,ARKANSAS,5,EAST CENTRAL,60,CRITTENDEN,35,842
COUNTY,ARKANSAS,5,EAST CENTRAL,60,CROSS,37,826
COUNTY,ARKANSAS,5,EAST CENTRAL,60,LEE,77, 
COUNTY,ARKANSAS,5,EAST CENTRAL,60,LONOKE,85, 
COUNTY,ARKANSAS,5,EAST CENTRAL,60,MONROE,95,"1,696"
COUNTY,ARKANSAS,5,EAST CENTRAL,60,PHILLIPS,107, 
COUNTY,ARKANSAS,5,EAST CENTRAL,60,PRAIRIE,117, 
COUNTY,ARKANSAS,5,EAST CENTRAL,60,SAINT FRANCIS,123, 
COUNTY,ARKANSAS,5,EAST CENTRAL,60,WOODRUFF,147, 
COUNTY,ARKANSAS,5,NORTHEAST,30,CLAY,21,227
COUNTY,ARKANSAS,5,NORTHEAST,30,CRAIGHEAD,31, 
COUNTY,ARKANSAS,5,NORTHEAST,30,GREENE,55,320
COUNTY,ARKANSAS,5,NORTHEAST,30,JACKSON,67, 
COUNTY,ARKANSAS,5,NORTHEAST,30,LAWRENCE,75, 
COUNTY,ARKANSAS,5,NORTHEAST,30,MISSISSIPPI,93,269
COUNTY,ARKANSAS,5,NORTHEAST,30,POINSETT,111,528
COUNTY,ARKANSAS,5,NORTHEAST,30,RANDOLPH,121, 
COUNTY,ARKANSAS,5,NORTHEAST,30,WHITE,145, 
COUNTY,ARKANSAS,5,SOUTHEAST,90,JEFFERSON,69, 
COUNTY,CALIFORNIA,6,SACRAMENTO VALLEY,50,COLUSA,11, 
COUNTY,CALIFORNIA,6,SACRAMENTO VALLEY,50,GLENN,21, 
COUNTY,CALIFORNIA,6,SACRAMENTO VALLEY,50,SACRAMENTO,67, 
COUNTY,CALIFORNIA,6,SACRAMENTO VALLEY,50,SOLANO,95, 
COUNTY,CALIFORNIA,6,SACRAMENTO VALLEY,50,SUTTER,101, 
COUNTY,CALIFORNIA,6,SACRAMENTO VALLEY,50,YOLO,113,789
COUNTY,CALIFORNIA,6,SAN JOAQUIN VALLEY,51,FRESNO,19, 
COUNTY,CALIFORNIA,6,SAN JOAQUIN VALLEY,51,KINGS,31,338
COUNTY,CALIFORNIA,6,SAN JOAQUIN VALLEY,51,SAN JOAQUIN,77,974
COUNTY,CALIFORNIA,6,SAN JOAQUIN VALLEY,51,STANISLAUS,99, 
COUNTY,CALIFORNIA,6,SAN JOAQUIN VALLEY,51,TULARE,107, 
COUNTY,COLORADO,8,EAST CENTRAL,60,ADAMS,1,"10,236"
COUNTY,COLORADO,8,EAST CENTRAL,60,ARAPAHOE,5, 
COUNTY,COLORADO,8,EAST CENTRAL,60,CHEYENNE,17,"48,191"
COUNTY,COLORADO,8,EAST CENTRAL,60,EL PASO,41,268
COUNTY,COLORADO,8,EAST CENTRAL,60,ELBERT,39,"5,804"
COUNTY,COLORADO,8,EAST CENTRAL,60,KIOWA,61,"61,016"
COUNTY,COLORADO,8,EAST CENTRAL,60,KIT CARSON,63,"30,817"
COUNTY,COLORADO,8,EAST CENTRAL,60,LINCOLN,73,"12,734"
COUNTY,COLORADO,8,EAST CENTRAL,60,PHILLIPS,95,"1,458"
COUNTY,COLORADO,8,EAST CENTRAL,60,WASHINGTON,121,"19,855"
COUNTY,COLORADO,8,EAST CENTRAL,60,YUMA,125,"9,432"
COUNTY,COLORADO,8,NORTHEAST,20,BOULDER,13, 
COUNTY,COLORADO,8,NORTHEAST,20,LOGAN,75,"14,404"
COUNTY,COLORADO,8,NORTHEAST,20,MORGAN,87,"1,203"
COUNTY,COLORADO,8,NORTHEAST,20,SEDGWICK,115,"3,211"
COUNTY,COLORADO,8,NORTHEAST,20,WELD,123,"1,486"
COUNTY,COLORADO,8,SAN LUIS VALLEY,80,ALAMOSA,3, 
COUNTY,COLORADO,8,SAN LUIS VALLEY,80,SAGUACHE,109, 
COUNTY,COLORADO,8,SOUTHEAST,90,BACA,9,"79,903"
COUNTY,COLORADO,8,SOUTHEAST,90,BENT,11,"3,224"
COUNTY,COLORADO,8,SOUTHEAST,90,CROWLEY,25,"1,413"
COUNTY,COLORADO,8,SOUTHEAST,90,LAS ANIMAS,71, 
COUNTY,COLORADO,8,SOUTHEAST,90,OTERO,89,"1,298"
COUNTY,COLORADO,8,SOUTHEAST,90,PROWERS,99,"35,067"
COUNTY,COLORADO,8,SOUTHWEST,70,GARFIELD,45,312
COUNTY,COLORADO,8,SOUTHWEST,70,MONTROSE,85, 
COUNTY,DELAWARE,10,CENTRAL,50,KENT,1,188
COUNTY,DELAWARE,10,SOUTHERN,80,SUSSEX,5,262
COUNTY,FLORIDA,12,CENTRAL,50,ALACHUA,1, 
COUNTY,FLORIDA,12,CENTRAL,50,GILCHRIST,41, 
COUNTY,FLORIDA,12,CENTRAL,50,MARION,83, 
COUNTY,FLORIDA,12,NORTHEAST,30,HAMILTON,47, 
COUNTY,FLORIDA,12,NORTHEAST,30,MADISON,79, 
COUNTY,FLORIDA,12,NORTHEAST,30,SUWANNEE,121, 
COUNTY,FLORIDA,12,NORTHWEST,10,HOLMES,59, 
COUNTY,FLORIDA,12,NORTHWEST,10,LEON,73, 
COUNTY,GEORGIA,13,CENTRAL,50,BLECKLEY,23, 
COUNTY,GEORGIA,13,CENTRAL,50,CRAWFORD,79, 
COUNTY,GEORGIA,13,CENTRAL,50,HOUSTON,153, 
COUNTY,GEORGIA,13,CENTRAL,50,MORGAN,211, 
COUNTY,GEORGIA,13,CENTRAL,50,NEWTON,217, 
COUNTY,GEORGIA,13,CENTRAL,50,PUTNAM,237, 
COUNTY,GEORGIA,13,CENTRAL,50,TWIGGS,289, 
COUNTY,GEORGIA,13,CENTRAL,50,WASHINGTON,303, 
COUNTY,GEORGIA,13,CENTRAL,50,WHEELER,309, 
COUNTY,GEORGIA,13,EAST CENTRAL,60,BULLOCH,31, 
COUNTY,GEORGIA,13,EAST CENTRAL,60,BURKE,33,339
COUNTY,GEORGIA,13,EAST CENTRAL,60,CANDLER,43, 
COUNTY,GEORGIA,13,EAST CENTRAL,60,COLUMBIA,73, 
COUNTY,GEORGIA,13,EAST CENTRAL,60,EMANUEL,107, 
COUNTY,GEORGIA,13,EAST CENTRAL,60,JEFFERSON,163,631
COUNTY,GEORGIA,13,EAST CENTRAL,60,SCREVEN,251, 
COUNTY,GEORGIA,13,NORTH CENTRAL,20,CLARKE,59, 
COUNTY,GEORGIA,13,NORTH CENTRAL,20,FULTON,121, 
COUNTY,GEORGIA,13,NORTH CENTRAL,20,HALL,139, 
COUNTY,GEORGIA,13,NORTH CENTRAL,20,OCONEE,219, 
COUNTY,GEORGIA,13,NORTH CENTRAL,20,WALTON,297, 
COUNTY,GEORGIA,13,NORTHEAST,30,BANKS,11, 
COUNTY,GEORGIA,13,NORTHEAST,30,HART,147, 
COUNTY,GEORGIA,13,NORTHEAST,30,MADISON,195, 
COUNTY,GEORGIA,13,NORTHEAST,30,OGLETHORPE,221, 
COUNTY,GEORGIA,13,SOUTH CENTRAL,80,ATKINSON,3, 
COUNTY,GEORGIA,13,SOUTH CENTRAL,80,BERRIEN,19, 
COUNTY,GEORGIA,13,SOUTH CENTRAL,80,BROOKS,27, 
COUNTY,GEORGIA,13,SOUTH CENTRAL,80,CRISP,81, 
COUNTY,GEORGIA,13,SOUTH CENTRAL,80,IRWIN,155, 
COUNTY,GEORGIA,13,SOUTH CENTRAL,80,JEFF DAVIS,161, 
COUNTY,GEORGIA,13,SOUTH CENTRAL,80,LOWNDES,185, 
COUNTY,GEORGIA,13,SOUTH CENTRAL,80,TELFAIR,271, 
COUNTY,GEORGIA,13,SOUTH CENTRAL,80,TIFT,277,230
COUNTY,GEORGIA,13,SOUTH CENTRAL,80,TURNER,287, 
COUNTY,GEORGIA,13,SOUTH CENTRAL,80,WILCOX,315, 
COUNTY,GEORGIA,13,SOUTH CENTRAL,80,WORTH,321, 
COUNTY,GEORGIA,13,SOUTHEAST,90,APPLING,1, 
COUNTY,GEORGIA,13,SOUTHEAST,90,TATTNALL,267, 
COUNTY,GEORGIA,13,SOUTHEAST,90,TOOMBS,279, 
COUNTY,GEORGIA,13,SOUTHWEST,70,BAKER,7, 
COUNTY,GEORGIA,13,SOUTHWEST,70,CALHOUN,37,"1,040"
COUNTY,GEORGIA,13,SOUTHWEST,70,DECATUR,87,138
COUNTY,GEORGIA,13,SOUTHWEST,70,DOUGHERTY,95, 
COUNTY,GEORGIA,13,SOUTHWEST,70,EARLY,99, 
COUNTY,GEORGIA,13,SOUTHWEST,70,GRADY,131, 
COUNTY,GEORGIA,13,SOUTHWEST,70,LEE,177,179
COUNTY,GEORGIA,13,SOUTHWEST,70,MILLER,201,187
COUNTY,GEORGIA,13,SOUTHWEST,70,RANDOLPH,243,"1,014"
COUNTY,GEORGIA,13,SOUTHWEST,70,SEMINOLE,253, 
COUNTY,GEORGIA,13,SOUTHWEST,70,STEWART,259, 
COUNTY,GEORGIA,13,SOUTHWEST,70,SUMTER,261, 
COUNTY,GEORGIA,13,SOUTHWEST,70,TERRELL,273,266
COUNTY,GEORGIA,13,SOUTHWEST,70,THOMAS,275,165
COUNTY,GEORGIA,13,WEST CENTRAL,40,COWETA,77, 
COUNTY,GEORGIA,13,WEST CENTRAL,40,MACON,193, 
COUNTY,GEORGIA,13,WEST CENTRAL,40,MERIWETHER,199,15
COUNTY,GEORGIA,13,WEST CENTRAL,40,TALBOT,263, 
COUNTY,GEORGIA,13,WEST CENTRAL,40,TAYLOR,269, 
COUNTY,GEORGIA,13,WEST CENTRAL,40,UPSON,293, 
COUNTY,IDAHO,16,SOUTHWEST,70,ADA,1, 
COUNTY,IDAHO,16,SOUTHWEST,70,CANYON,27, 
COUNTY,IDAHO,16,SOUTHWEST,70,OWYHEE,73, 
COUNTY,ILLINOIS,17,CENTRAL,40,MASON,125,279
COUNTY,ILLINOIS,17,CENTRAL,40,MCLEAN,113, 
COUNTY,ILLINOIS,17,CENTRAL,40,MENARD,129, 
COUNTY,ILLINOIS,17,CENTRAL,40,TAZEWELL,179,50
COUNTY,ILLINOIS,17,EAST,50,CHAMPAIGN,19, 
COUNTY,ILLINOIS,17,EAST,50,IROQUOIS,75, 
COUNTY,ILLINOIS,17,EAST SOUTHEAST,70,CLARK,23,201
COUNTY,ILLINOIS,17,EAST SOUTHEAST,70,CLAY,25,221
COUNTY,ILLINOIS,17,EAST SOUTHEAST,70,CRAWFORD,33,150
COUNTY,ILLINOIS,17,EAST SOUTHEAST,70,EFFINGHAM,49,126
COUNTY,ILLINOIS,17,EAST SOUTHEAST,70,FAYETTE,51, 
COUNTY,ILLINOIS,17,EAST SOUTHEAST,70,MARION,121, 
COUNTY,ILLINOIS,17,EAST SOUTHEAST,70,RICHLAND,159, 
COUNTY,ILLINOIS,17,NORTHEAST,20,MCHENRY,111, 
COUNTY,ILLINOIS,17,NORTHWEST,10,HENRY,73, 
COUNTY,ILLINOIS,17,NORTHWEST,10,JO DAVIESS,85, 
COUNTY,ILLINOIS,17,NORTHWEST,10,MERCER,131, 
COUNTY,ILLINOIS,17,SOUTHEAST,90,EDWARDS,47,271
COUNTY,ILLINOIS,17,SOUTHEAST,90,FRANKLIN,55,623
COUNTY,ILLINOIS,17,SOUTHEAST,90,GALLATIN,59,442
COUNTY,ILLINOIS,17,SOUTHEAST,90,HAMILTON,65, 
COUNTY,ILLINOIS,17,SOUTHEAST,90,HARDIN,69,420
COUNTY,ILLINOIS,17,SOUTHEAST,90,JEFFERSON,81, 
COUNTY,ILLINOIS,17,SOUTHEAST,90,SALINE,165, 
COUNTY,ILLINOIS,17,SOUTHEAST,90,WAYNE,191,940
COUNTY,ILLINOIS,17,SOUTHEAST,90,WHITE,193,"1,855"
COUNTY,ILLINOIS,17,SOUTHWEST,80,ALEXANDER,3, 
COUNTY,ILLINOIS,17,SOUTHWEST,80,CLINTON,27, 
COUNTY,ILLINOIS,17,SOUTHWEST,80,JACKSON,77,"1,656"
COUNTY,ILLINOIS,17,SOUTHWEST,80,JOHNSON,87, 
COUNTY,ILLINOIS,17,SOUTHWEST,80,MONROE,133,814
COUNTY,ILLINOIS,17,SOUTHWEST,80,PERRY,145,474
COUNTY,ILLINOIS,17,SOUTHWEST,80,RANDOLPH,157,171
COUNTY,ILLINOIS,17,SOUTHWEST,80,ST CLAIR,163, 
COUNTY,ILLINOIS,17,SOUTHWEST,80,UNION,181, 
COUNTY,ILLINOIS,17,SOUTHWEST,80,WASHINGTON,189,318
COUNTY,ILLINOIS,17,SOUTHWEST,80,WILLIAMSON,199,191
COUNTY,ILLINOIS,17,WEST,30,BROWN,9, 
COUNTY,ILLINOIS,17,WEST,30,HENDERSON,71,170
COUNTY,ILLINOIS,17,WEST SOUTHWEST,60,BOND,5, 
COUNTY,ILLINOIS,17,WEST SOUTHWEST,60,CALHOUN,13, 
COUNTY,ILLINOIS,17,WEST SOUTHWEST,60,GREENE,61, 
COUNTY,ILLINOIS,17,WEST SOUTHWEST,60,JERSEY,83, 
COUNTY,ILLINOIS,17,WEST SOUTHWEST,60,PIKE,149, 
COUNTY,ILLINOIS,17,WEST SOUTHWEST,60,SANGAMON,167, 
COUNTY,INDIANA,18,CENTRAL,50,DECATUR,31, 
COUNTY,INDIANA,18,CENTRAL,50,HENDRICKS,63, 
COUNTY,INDIANA,18,CENTRAL,50,JOHNSON,81, 
COUNTY,INDIANA,18,CENTRAL,50,RUSH,139, 
COUNTY,INDIANA,18,NORTH CENTRAL,20,ELKHART,39,50
COUNTY,INDIANA,18,NORTH CENTRAL,20,FULTON,49, 
COUNTY,INDIANA,18,NORTH CENTRAL,20,ST. JOSEPH,141, 
COUNTY,INDIANA,18,NORTHEAST,30,NOBLE,113, 
COUNTY,INDIANA,18,NORTHEAST,30,WELLS,179, 
COUNTY,INDIANA,18,NORTHWEST,10,JASPER,73, 
COUNTY,INDIANA,18,SOUTH CENTRAL,80,JACKSON,71, 
COUNTY,INDIANA,18,SOUTH CENTRAL,80,PERRY,123, 
COUNTY,INDIANA,18,SOUTHWEST,70,DAVIESS,27,600
COUNTY,INDIANA,18,SOUTHWEST,70,GIBSON,51,435
COUNTY,INDIANA,18,SOUTHWEST,70,GREENE,55, 
COUNTY,INDIANA,18,SOUTHWEST,70,KNOX,83, 
COUNTY,INDIANA,18,SOUTHWEST,70,PIKE,125, 
COUNTY,INDIANA,18,SOUTHWEST,70,POSEY,129, 
COUNTY,INDIANA,18,SOUTHWEST,70,WARRICK,173, 
COUNTY,INDIANA,18,WEST CENTRAL,40,TIPPECANOE,157, 
COUNTY,IOWA,19,CENTRAL,50,BOONE,15, 
COUNTY,IOWA,19,CENTRAL,50,STORY,169, 
COUNTY,IOWA,19,EAST CENTRAL,60,IOWA,95, 
COUNTY,IOWA,19,EAST CENTRAL,60,SCOTT,163, 
COUNTY,IOWA,19,NORTHEAST,30,BREMER,17, 
COUNTY,IOWA,19,NORTHWEST,10,LYON,119, 
COUNTY,IOWA,19,SOUTHEAST,90,MAHASKA,123, 
COUNTY,IOWA,19,SOUTHWEST,70,MILLS,129, 
COUNTY,IOWA,19,WEST CENTRAL,40,SAC,161, 
COUNTY,KANSAS,20,CENTRAL,50,BARTON,9,"55,234"
COUNTY,KANSAS,20,CENTRAL,50,DICKINSON,41,"25,793"
COUNTY,KANSAS,20,CENTRAL,50,ELLIS,51,"62,337"
COUNTY,KANSAS,20,CENTRAL,50,ELLSWORTH,53,"24,430"
COUNTY,KANSAS,20,CENTRAL,50,LINCOLN,105,"28,739"
COUNTY,KANSAS,20,CENTRAL,50,MARION,115,"7,760"
COUNTY,KANSAS,20,CENTRAL,50,MCPHERSON,113,"20,451"
COUNTY,KANSAS,20,CENTRAL,50,RICE,159,"43,035"
COUNTY,KANSAS,20,CENTRAL,50,RUSH,165,"58,846"
COUNTY,KANSAS,20,CENTRAL,50,RUSSELL,167,"45,139"
COUNTY,KANSAS,20,CENTRAL,50,SALINE,169,"25,676"
COUNTY,KANSAS,20,EAST CENTRAL,80,ANDERSON,3,"2,306"
COUNTY,KANSAS,20,EAST CENTRAL,80,CHASE,17,345
COUNTY,KANSAS,20,EAST CENTRAL,80,COFFEY,31,500
COUNTY,KANSAS,20,EAST CENTRAL,80,DOUGLAS,45,323
COUNTY,KANSAS,20,EAST CENTRAL,80,FRANKLIN,59,675
COUNTY,KANSAS,20,EAST CENTRAL,80,GEARY,61,366
COUNTY,KANSAS,20,EAST CENTRAL,80,LINN,107,556
COUNTY,KANSAS,20,EAST CENTRAL,80,LYON,111,725
COUNTY,KANSAS,20,EAST CENTRAL,80,MIAMI,121, 
COUNTY,KANSAS,20,EAST CENTRAL,80,MORRIS,127,"4,310"
COUNTY,KANSAS,20,EAST CENTRAL,80,OSAGE,139,"1,753"
COUNTY,KANSAS,20,EAST CENTRAL,80,SHAWNEE,177,204
COUNTY,KANSAS,20,EAST CENTRAL,80,WABAUNSEE,197,255
COUNTY,KANSAS,20,NORTH CENTRAL,40,CLAY,27,"13,483"
COUNTY,KANSAS,20,NORTH CENTRAL,40,CLOUD,29,"16,543"
COUNTY,KANSAS,20,NORTH CENTRAL,40,JEWELL,89,"29,738"
COUNTY,KANSAS,20,NORTH CENTRAL,40,MITCHELL,123,"47,521"
COUNTY,KANSAS,20,NORTH CENTRAL,40,OSBORNE,141,"35,428"
COUNTY,KANSAS,20,NORTH CENTRAL,40,OTTAWA,143,"19,301"
COUNTY,KANSAS,20,NORTH CENTRAL,40,PHILLIPS,147,"23,642"
COUNTY,KANSAS,20,NORTH CENTRAL,40,REPUBLIC,157,"7,526"
COUNTY,KANSAS,20,NORTH CENTRAL,40,ROOKS,163,"62,872"
COUNTY,KANSAS,20,NORTH CENTRAL,40,SMITH,183,"38,471"
COUNTY,KANSAS,20,NORTH CENTRAL,40,WASHINGTON,201,"17,043"
COUNTY,KANSAS,20,NORTHEAST,70,ATCHISON,5, 
COUNTY,KANSAS,20,NORTHEAST,70,JACKSON,85,354
COUNTY,KANSAS,20,NORTHEAST,70,JEFFERSON,87,"1,136"
COUNTY,KANSAS,20,NORTHEAST,70,LEAVENWORTH,103, 
COUNTY,KANSAS,20,NORTHEAST,70,MARSHALL,117,"4,801"
COUNTY,KANSAS,20,NORTHEAST,70,NEMAHA,131,805
COUNTY,KANSAS,20,NORTHEAST,70,POTTAWATOMIE,149,"1,737"
COUNTY,KANSAS,20,NORTHEAST,70,RILEY,161,"5,765"
COUNTY,KANSAS,20,NORTHWEST,10,CHEYENNE,23,"30,428"
COUNTY,KANSAS,20,NORTHWEST,10,DECATUR,39,"9,511"
COUNTY,KANSAS,20,NORTHWEST,10,GRAHAM,65,"34,848"
COUNTY,KANSAS,20,NORTHWEST,10,NORTON,137,"11,332"
COUNTY,KANSAS,20,NORTHWEST,10,RAWLINS,153,"33,042"
COUNTY,KANSAS,20,NORTHWEST,10,SHERIDAN,179,"15,233"
COUNTY,KANSAS,20,NORTHWEST,10,SHERMAN,181,"28,913"
COUNTY,KANSAS,20,NORTHWEST,10,THOMAS,193,"35,554"
COUNTY,KANSAS,20,SOUTH CENTRAL,60,BARBER,7,"7,773"
COUNTY,KANSAS,20,SOUTH CENTRAL,60,COMANCHE,33,"26,887"
COUNTY,KANSAS,20,SOUTH CENTRAL,60,EDWARDS,47,"23,456"
COUNTY,KANSAS,20,SOUTH CENTRAL,60,HARPER,77,"10,087"
COUNTY,KANSAS,20,SOUTH CENTRAL,60,HARVEY,79,"7,206"
COUNTY,KANSAS,20,SOUTH CENTRAL,60,KINGMAN,95,"10,812"
COUNTY,KANSAS,20,SOUTH CENTRAL,60,KIOWA,97,"24,753"
COUNTY,KANSAS,20,SOUTH CENTRAL,60,PAWNEE,145,"52,993"
COUNTY,KANSAS,20,SOUTH CENTRAL,60,PRATT,151,"26,673"
COUNTY,KANSAS,20,SOUTH CENTRAL,60,RENO,155,"31,549"
COUNTY,KANSAS,20,SOUTH CENTRAL,60,SEDGWICK,173,"20,532"
COUNTY,KANSAS,20,SOUTH CENTRAL,60,STAFFORD,185,"25,719"
COUNTY,KANSAS,20,SOUTH CENTRAL,60,SUMNER,191,"26,379"
COUNTY,KANSAS,20,SOUTHEAST,90,ALLEN,1, 
COUNTY,KANSAS,20,SOUTHEAST,90,BOURBON,11,258
COUNTY,KANSAS,20,SOUTHEAST,90,BUTLER,15,"2,936"
COUNTY,KANSAS,20,SOUTHEAST,90,CHEROKEE,21,"2,347"
COUNTY,KANSAS,20,SOUTHEAST,90,COWLEY,35,"5,466"
COUNTY,KANSAS,20,SOUTHEAST,90,CRAWFORD,37,"1,185"
COUNTY,KANSAS,20,SOUTHEAST,90,ELK,49,472
COUNTY,KANSAS,20,SOUTHEAST,90,GREENWOOD,73,"1,026"
COUNTY,KANSAS,20,SOUTHEAST,90,LABETTE,99,787
COUNTY,KANSAS,20,SOUTHEAST,90,MONTGOMERY,125,724
COUNTY,KANSAS,20,SOUTHEAST,90,NEOSHO,133, 
COUNTY,KANSAS,20,SOUTHEAST,90,WILSON,205,443
COUNTY,KANSAS,20,SOUTHEAST,90,WOODSON,207,"1,078"
COUNTY,KANSAS,20,SOUTHWEST,30,CLARK,25,"20,689"
COUNTY,KANSAS,20,SOUTHWEST,30,FINNEY,55,"1,10,840"
COUNTY,KANSAS,20,SOUTHWEST,30,FORD,57,"1,05,710"
COUNTY,KANSAS,20,SOUTHWEST,30,GRANT,67,"29,501"
COUNTY,KANSAS,20,SOUTHWEST,30,GRAY,69,"84,235"
COUNTY,KANSAS,20,SOUTHWEST,30,HAMILTON,75,"54,500"
COUNTY,KANSAS,20,SOUTHWEST,30,HASKELL,81,"53,432"
COUNTY,KANSAS,20,SOUTHWEST,30,HODGEMAN,83,"44,166"
COUNTY,KANSAS,20,SOUTHWEST,30,KEARNY,93,"59,283"
COUNTY,KANSAS,20,SOUTHWEST,30,MEADE,119,"32,565"
COUNTY,KANSAS,20,SOUTHWEST,30,MORTON,129,"45,910"
COUNTY,KANSAS,20,SOUTHWEST,30,SEWARD,175,"17,887"
COUNTY,KANSAS,20,SOUTHWEST,30,STANTON,187,"40,758"
COUNTY,KANSAS,20,SOUTHWEST,30,STEVENS,189,"25,052"
COUNTY,KANSAS,20,WEST CENTRAL,20,GOVE,63,"29,514"
COUNTY,KANSAS,20,WEST CENTRAL,20,GREELEY,71,"68,989"
COUNTY,KANSAS,20,WEST CENTRAL,20,LANE,101,"56,904"
COUNTY,KANSAS,20,WEST CENTRAL,20,LOGAN,109,"35,156"
COUNTY,KANSAS,20,WEST CENTRAL,20,NESS,135,"73,927"
COUNTY,KANSAS,20,WEST CENTRAL,20,SCOTT,171,"69,526"
COUNTY,KANSAS,20,WEST CENTRAL,20,TREGO,195,"55,646"
COUNTY,KANSAS,20,WEST CENTRAL,20,WALLACE,199,"30,337"
COUNTY,KANSAS,20,WEST CENTRAL,20,WICHITA,203,"38,375"
COUNTY,KENTUCKY,21,BLUEGRASS,50,FLEMING,69, 
COUNTY,KENTUCKY,21,BLUEGRASS,50,FRANKLIN,73, 
COUNTY,KENTUCKY,21,CENTRAL,30,BRECKINRIDGE,27, 
COUNTY,KENTUCKY,21,CENTRAL,30,BULLITT,29, 
COUNTY,KENTUCKY,21,CENTRAL,30,HARDIN,93, 
COUNTY,KENTUCKY,21,CENTRAL,30,NELSON,179, 
COUNTY,KENTUCKY,21,MIDWESTERN,20,CHRISTIAN,47,47
COUNTY,KENTUCKY,21,MIDWESTERN,20,CRITTENDEN,55, 
COUNTY,KENTUCKY,21,MIDWESTERN,20,DAVIESS,59,46
COUNTY,KENTUCKY,21,MIDWESTERN,20,HENDERSON,101, 
COUNTY,KENTUCKY,21,MIDWESTERN,20,HOPKINS,107,"1,076"
COUNTY,KENTUCKY,21,MIDWESTERN,20,LOGAN,141, 
COUNTY,KENTUCKY,21,MIDWESTERN,20,MCLEAN,149, 
COUNTY,KENTUCKY,21,MIDWESTERN,20,MUHLENBERG,177, 
COUNTY,KENTUCKY,21,MIDWESTERN,20,TODD,219, 
COUNTY,KENTUCKY,21,NORTHERN,40,TRIMBLE,223, 
COUNTY,KENTUCKY,21,PURCHASE,10,GRAVES,83, 
COUNTY,LOUISIANA,22,CENTRAL,50,AVOYELLES,9,"6,763"
COUNTY,LOUISIANA,22,CENTRAL,50,CATAHOULA,25,558
COUNTY,LOUISIANA,22,CENTRAL,50,CONCORDIA,29, 
COUNTY,LOUISIANA,22,CENTRAL,50,EVANGELINE,39, 
COUNTY,LOUISIANA,22,CENTRAL,50,GRANT,43, 
COUNTY,LOUISIANA,22,CENTRAL,50,POINTE COUPEE,77, 
COUNTY,LOUISIANA,22,CENTRAL,50,RAPIDES,79, 
COUNTY,LOUISIANA,22,CENTRAL,50,SAINT LANDRY,97,755
COUNTY,LOUISIANA,22,EAST CENTRAL,60,EAST BATON ROUGE,33, 
COUNTY,LOUISIANA,22,NORTHEAST,30,FRANKLIN,41, 
COUNTY,LOUISIANA,22,NORTHEAST,30,MOREHOUSE,67, 
COUNTY,LOUISIANA,22,NORTHEAST,30,RICHLAND,83, 
COUNTY,LOUISIANA,22,NORTHEAST,30,TENSAS,107,"1,704"
COUNTY,LOUISIANA,22,NORTHWEST,10,BOSSIER,15, 
COUNTY,LOUISIANA,22,SOUTHWEST,70,BEAUREGARD,11, 
COUNTY,LOUISIANA,22,WEST CENTRAL,40,NATCHITOCHES,69, 
COUNTY,MAINE,23,SOUTH,30,ANDROSCOGGIN,1, 
COUNTY,MAINE,23,SOUTH,30,YORK,31, 
COUNTY,MARYLAND,24,LOWER EASTERN SHORE,90,DORCHESTER,19,"2,165"
COUNTY,MARYLAND,24,LOWER EASTERN SHORE,90,SOMERSET,39, 
COUNTY,MARYLAND,24,LOWER EASTERN SHORE,90,WICOMICO,45,879
COUNTY,MARYLAND,24,LOWER EASTERN SHORE,90,WORCESTER,47, 
COUNTY,MARYLAND,24,NORTH CENTRAL,20,BALTIMORE,5,290
COUNTY,MARYLAND,24,NORTH CENTRAL,20,CARROLL,13,37
COUNTY,MARYLAND,24,NORTH CENTRAL,20,MONTGOMERY,31, 
COUNTY,MARYLAND,24,NORTH CENTRAL,20,WASHINGTON,43,344
COUNTY,MARYLAND,24,SOUTHERN,80,CALVERT,9,919
COUNTY,MARYLAND,24,SOUTHERN,80,CHARLES,17,"1,243"
COUNTY,MARYLAND,24,SOUTHERN,80,PRINCE GEORGES,33,"1,648"
COUNTY,MARYLAND,24,SOUTHERN,80,ST MARYS,37,300
COUNTY,MARYLAND,24,UPPER EASTERN SHORE,30,CAROLINE,11,"1,614"
COUNTY,MARYLAND,24,UPPER EASTERN SHORE,30,CECIL,15, 
COUNTY,MARYLAND,24,UPPER EASTERN SHORE,30,KENT,29, 
COUNTY,MARYLAND,24,UPPER EASTERN SHORE,30,QUEEN ANNES,35, 
COUNTY,MARYLAND,24,UPPER EASTERN SHORE,30,TALBOT,41,"1,000"
COUNTY,MICHIGAN,26,CENTRAL,50,GLADWIN,51, 
COUNTY,MICHIGAN,26,CENTRAL,50,ISABELLA,73,18
COUNTY,MICHIGAN,26,CENTRAL,50,OSCEOLA,133, 
COUNTY,MICHIGAN,26,EAST CENTRAL,60,SAGINAW,145, 
COUNTY,MICHIGAN,26,EAST CENTRAL,60,TUSCOLA,157,150
COUNTY,MICHIGAN,26,NORTHEAST,30,ALPENA,7, 
COUNTY,MICHIGAN,26,NORTHWEST,20,KALKASKA,79, 
COUNTY,MICHIGAN,26,SOUTH CENTRAL,80,CALHOUN,25, 
COUNTY,MICHIGAN,26,SOUTH CENTRAL,80,CLINTON,37, 
COUNTY,MICHIGAN,26,SOUTH CENTRAL,80,ST JOSEPH,149,"1,229"
COUNTY,MICHIGAN,26,SOUTHWEST,70,KALAMAZOO,77,109
COUNTY,MICHIGAN,26,SOUTHWEST,70,OTTAWA,139, 
COUNTY,MICHIGAN,26,SOUTHWEST,70,VAN BUREN,159, 
COUNTY,MINNESOTA,27,CENTRAL,50,RENVILLE,129, 
COUNTY,MINNESOTA,27,CENTRAL,50,SCOTT,139, 
COUNTY,MINNESOTA,27,CENTRAL,50,STEARNS,145,305
COUNTY,MINNESOTA,27,CENTRAL,50,WRIGHT,171, 
COUNTY,MINNESOTA,27,EAST CENTRAL,60,WASHINGTON,163, 
COUNTY,MINNESOTA,27,WEST CENTRAL,40,POPE,121, 
COUNTY,MISSISSIPPI,28,EAST CENTRAL,60,CHICKASAW,17,90
COUNTY,MISSISSIPPI,28,EAST CENTRAL,60,NESHOBA,99, 
COUNTY,MISSISSIPPI,28,EAST CENTRAL,60,OKTIBBEHA,105, 
COUNTY,MISSISSIPPI,28,LOWER DELTA,40,HUMPHREYS,53, 
COUNTY,MISSISSIPPI,28,LOWER DELTA,40,SHARKEY,125, 
COUNTY,MISSISSIPPI,28,LOWER DELTA,40,SUNFLOWER,133,336
COUNTY,MISSISSIPPI,28,LOWER DELTA,40,WASHINGTON,151, 
COUNTY,MISSISSIPPI,28,LOWER DELTA,40,YAZOO,163,575
COUNTY,MISSISSIPPI,28,NORTH CENTRAL,20,DE SOTO,33,703
COUNTY,MISSISSIPPI,28,NORTH CENTRAL,20,GRENADA,43, 
COUNTY,MISSISSIPPI,28,NORTH CENTRAL,20,PANOLA,107, 
COUNTY,MISSISSIPPI,28,NORTH CENTRAL,20,TATE,137, 
COUNTY,MISSISSIPPI,28,NORTHEAST,30,LEE,81, 
COUNTY,MISSISSIPPI,28,SOUTHEAST AND COASTAL,90,NEWTON,101, 
COUNTY,MISSISSIPPI,28,SOUTHWEST,70,CLAIBORNE,21, 
COUNTY,MISSISSIPPI,28,UPPER DELTA,10,BOLIVAR,11, 
COUNTY,MISSISSIPPI,28,UPPER DELTA,10,COAHOMA,27, 
COUNTY,MISSISSIPPI,28,UPPER DELTA,10,QUITMAN,119,330
COUNTY,MISSOURI,29,CENTRAL,50,BENTON,15,228
COUNTY,MISSOURI,29,CENTRAL,50,BOONE,19,386
COUNTY,MISSOURI,29,CENTRAL,50,CALLAWAY,27,"1,092"
COUNTY,MISSOURI,29,CENTRAL,50,COLE,51, 
COUNTY,MISSOURI,29,CENTRAL,50,COOPER,53,240
COUNTY,MISSOURI,29,CENTRAL,50,DALLAS,59,95
COUNTY,MISSOURI,29,CENTRAL,50,HICKORY,85, 
COUNTY,MISSOURI,29,CENTRAL,50,HOWARD,89,577
COUNTY,MISSOURI,29,CENTRAL,50,LACLEDE,105,224
COUNTY,MISSOURI,29,CENTRAL,50,MARIES,125, 
COUNTY,MISSOURI,29,CENTRAL,50,MILLER,131,132
COUNTY,MISSOURI,29,CENTRAL,50,MONITEAU,135,250
COUNTY,MISSOURI,29,CENTRAL,50,MORGAN,141,106
COUNTY,MISSOURI,29,CENTRAL,50,OSAGE,151,500
COUNTY,MISSOURI,29,CENTRAL,50,PETTIS,159,613
COUNTY,MISSOURI,29,CENTRAL,50,POLK,167,285
COUNTY,MISSOURI,29,CENTRAL,50,SALINE,195, 
COUNTY,MISSOURI,29,EAST,60,FRANKLIN,71,533
COUNTY,MISSOURI,29,EAST,60,GASCONADE,73,127
COUNTY,MISSOURI,29,EAST,60,JEFFERSON,99, 
COUNTY,MISSOURI,29,EAST,60,LINCOLN,113,413
COUNTY,MISSOURI,29,EAST,60,MONTGOMERY,139,697
COUNTY,MISSOURI,29,EAST,60,PERRY,157,172
COUNTY,MISSOURI,29,EAST,60,ST CHARLES,183,260
COUNTY,MISSOURI,29,EAST,60,ST FRANCOIS,187,240
COUNTY,MISSOURI,29,EAST,60,WARREN,219,352
COUNTY,MISSOURI,29,NORTH CENTRAL,20,ADAIR,1, 
COUNTY,MISSOURI,29,NORTH CENTRAL,20,CARROLL,33, 
COUNTY,MISSOURI,29,NORTH CENTRAL,20,CHARITON,41,160
COUNTY,MISSOURI,29,NORTH CENTRAL,20,GRUNDY,79, 
COUNTY,MISSOURI,29,NORTH CENTRAL,20,LINN,115, 
COUNTY,MISSOURI,29,NORTH CENTRAL,20,LIVINGSTON,117,"1,715"
COUNTY,MISSOURI,29,NORTH CENTRAL,20,MERCER,129,60
COUNTY,MISSOURI,29,NORTH CENTRAL,20,RANDOLPH,175, 
COUNTY,MISSOURI,29,NORTHEAST,30,AUDRAIN,7,"2,561"
COUNTY,MISSOURI,29,NORTHEAST,30,CLARK,45, 
COUNTY,MISSOURI,29,NORTHEAST,30,MARION,127,30
COUNTY,MISSOURI,29,NORTHEAST,30,MONROE,137,203
COUNTY,MISSOURI,29,NORTHEAST,30,PIKE,163,24
COUNTY,MISSOURI,29,NORTHEAST,30,RALLS,173,467
COUNTY,MISSOURI,29,NORTHEAST,30,SCOTLAND,199,166
COUNTY,MISSOURI,29,NORTHEAST,30,SHELBY,205, 
COUNTY,MISSOURI,29,NORTHWEST,10,ANDREW,3, 
COUNTY,MISSOURI,29,NORTHWEST,10,BUCHANAN,21,406
COUNTY,MISSOURI,29,NORTHWEST,10,CALDWELL,25,894
COUNTY,MISSOURI,29,NORTHWEST,10,CLAY,47, 
COUNTY,MISSOURI,29,NORTHWEST,10,DAVIESS,61,192
COUNTY,MISSOURI,29,NORTHWEST,10,DE KALB,63, 
COUNTY,MISSOURI,29,NORTHWEST,10,GENTRY,75,5
COUNTY,MISSOURI,29,NORTHWEST,10,HARRISON,81,210
COUNTY,MISSOURI,29,NORTHWEST,10,NODAWAY,147, 
COUNTY,MISSOURI,29,NORTHWEST,10,PLATTE,165, 
COUNTY,MISSOURI,29,NORTHWEST,10,RAY,177,167
COUNTY,MISSOURI,29,SOUTH CENTRAL,80,BOLLINGER,17,50
COUNTY,MISSOURI,29,SOUTH CENTRAL,80,DENT,65, 
COUNTY,MISSOURI,29,SOUTH CENTRAL,80,WAYNE,223, 
COUNTY,MISSOURI,29,SOUTHEAST,90,BUTLER,23,369
COUNTY,MISSOURI,29,SOUTHEAST,90,CAPE GIRARDEAU,31, 
COUNTY,MISSOURI,29,SOUTHEAST,90,DUNKLIN,69,662
COUNTY,MISSOURI,29,SOUTHEAST,90,MISSISSIPPI,133,"1,421"
COUNTY,MISSOURI,29,SOUTHEAST,90,NEW MADRID,143,125
COUNTY,MISSOURI,29,SOUTHEAST,90,PEMISCOT,155, 
COUNTY,MISSOURI,29,SOUTHEAST,90,SCOTT,201,280
COUNTY,MISSOURI,29,SOUTHEAST,90,STODDARD,207,534
COUNTY,MISSOURI,29,SOUTHWEST,70,BARRY,9,440
COUNTY,MISSOURI,29,SOUTHWEST,70,BARTON,11,218
COUNTY,MISSOURI,29,SOUTHWEST,70,DADE,57,286
COUNTY,MISSOURI,29,SOUTHWEST,70,GREENE,77, 
COUNTY,MISSOURI,29,SOUTHWEST,70,JASPER,97,82
COUNTY,MISSOURI,29,SOUTHWEST,70,LAWRENCE,109, 
COUNTY,MISSOURI,29,SOUTHWEST,70,NEWTON,145, 
COUNTY,MISSOURI,29,WEST,40,BATES,13, 
COUNTY,MISSOURI,29,WEST,40,CASS,37, 
COUNTY,MISSOURI,29,WEST,40,CEDAR,39, 
COUNTY,MISSOURI,29,WEST,40,HENRY,83,530
COUNTY,MISSOURI,29,WEST,40,JOHNSON,101,50
COUNTY,MISSOURI,29,WEST,40,ST CLAIR,185,377
COUNTY,MISSOURI,29,WEST,40,VERNON,217,429
COUNTY,MONTANA,30,CENTRAL,50,FERGUS,27, 
COUNTY,MONTANA,30,NORTH CENTRAL,20,HILL,41,120
COUNTY,MONTANA,30,NORTHEAST,30,VALLEY,105, 
COUNTY,MONTANA,30,SOUTHEAST,90,CARTER,11, 
COUNTY,NEBRASKA,31,CENTRAL,50,BUFFALO,19,451
COUNTY,NEBRASKA,31,CENTRAL,50,CUSTER,41,"1,369"
COUNTY,NEBRASKA,31,CENTRAL,50,DAWSON,47,826
COUNTY,NEBRASKA,31,CENTRAL,50,HALL,79,"1,195"
COUNTY,NEBRASKA,31,CENTRAL,50,HOWARD,93,266
COUNTY,NEBRASKA,31,CENTRAL,50,VALLEY,175,843
COUNTY,NEBRASKA,31,EAST,60,BUTLER,23,244
COUNTY,NEBRASKA,31,EAST,60,COLFAX,37,315
COUNTY,NEBRASKA,31,EAST,60,DODGE,53, 
COUNTY,NEBRASKA,31,EAST,60,HAMILTON,81,370
COUNTY,NEBRASKA,31,EAST,60,LANCASTER,109,604
COUNTY,NEBRASKA,31,EAST,60,MERRICK,121,198
COUNTY,NEBRASKA,31,EAST,60,NANCE,125,152
COUNTY,NEBRASKA,31,EAST,60,PLATTE,141,290
COUNTY,NEBRASKA,31,EAST,60,POLK,143,450
COUNTY,NEBRASKA,31,EAST,60,SAUNDERS,155,65
COUNTY,NEBRASKA,31,EAST,60,SEWARD,159,"3,208"
COUNTY,NEBRASKA,31,EAST,60,YORK,185,"1,256"
COUNTY,NEBRASKA,31,NORTH,20,BOYD,15,814
COUNTY,NEBRASKA,31,NORTH,20,CHERRY,31,150
COUNTY,NEBRASKA,31,NORTH,20,GARFIELD,71, 
COUNTY,NEBRASKA,31,NORTH,20,HOLT,89,"1,226"
COUNTY,NEBRASKA,31,NORTH,20,KEYA PAHA,103,455
COUNTY,NEBRASKA,31,NORTH,20,LOUP,115,396
COUNTY,NEBRASKA,31,NORTHEAST,30,ANTELOPE,3, 
COUNTY,NEBRASKA,31,NORTHEAST,30,CEDAR,27, 
COUNTY,NEBRASKA,31,NORTHEAST,30,CUMING,39,88
COUNTY,NEBRASKA,31,NORTHEAST,30,KNOX,107,100
COUNTY,NEBRASKA,31,NORTHEAST,30,MADISON,119,50
COUNTY,NEBRASKA,31,NORTHEAST,30,WAYNE,179, 
COUNTY,NEBRASKA,31,NORTHWEST,10,BANNER,7, 
COUNTY,NEBRASKA,31,NORTHWEST,10,CHEYENNE,33,"8,309"
COUNTY,NEBRASKA,31,NORTHWEST,10,DAWES,45,150
COUNTY,NEBRASKA,31,NORTHWEST,10,DEUEL,49,"5,431"
COUNTY,NEBRASKA,31,NORTHWEST,10,GARDEN,69,581
COUNTY,NEBRASKA,31,NORTHWEST,10,KIMBALL,105,"1,829"
COUNTY,NEBRASKA,31,NORTHWEST,10,MORRILL,123, 
COUNTY,NEBRASKA,31,NORTHWEST,10,SCOTTS BLUFF,157,283
COUNTY,NEBRASKA,31,NORTHWEST,10,SHERIDAN,161,515
COUNTY,NEBRASKA,31,NORTHWEST,10,SIOUX,165, 
COUNTY,NEBRASKA,31,SOUTH,80,ADAMS,1,286
COUNTY,NEBRASKA,31,SOUTH,80,FRANKLIN,61,754
COUNTY,NEBRASKA,31,SOUTH,80,FURNAS,65,"6,315"
COUNTY,NEBRASKA,31,SOUTH,80,GOSPER,73,718
COUNTY,NEBRASKA,31,SOUTH,80,HARLAN,83,"3,640"
COUNTY,NEBRASKA,31,SOUTH,80,KEARNEY,99,638
COUNTY,NEBRASKA,31,SOUTH,80,PHELPS,137,353
COUNTY,NEBRASKA,31,SOUTH,80,WEBSTER,181,"2,971"
COUNTY,NEBRASKA,31,SOUTHEAST,90,CLAY,35,"1,039"
COUNTY,NEBRASKA,31,SOUTHEAST,90,FILLMORE,59,"1,791"
COUNTY,NEBRASKA,31,SOUTHEAST,90,GAGE,67,859
COUNTY,NEBRASKA,31,SOUTHEAST,90,JEFFERSON,95,"1,015"
COUNTY,NEBRASKA,31,SOUTHEAST,90,JOHNSON,97,485
COUNTY,NEBRASKA,31,SOUTHEAST,90,NUCKOLLS,129,"4,629"
COUNTY,NEBRASKA,31,SOUTHEAST,90,PAWNEE,133,"1,368"
COUNTY,NEBRASKA,31,SOUTHEAST,90,RICHARDSON,147,179
COUNTY,NEBRASKA,31,SOUTHEAST,90,SALINE,151,"1,511"
COUNTY,NEBRASKA,31,SOUTHEAST,90,THAYER,169,"1,952"
COUNTY,NEBRASKA,31,SOUTHWEST,70,CHASE,29,"3,098"
COUNTY,NEBRASKA,31,SOUTHWEST,70,DUNDY,57,"2,874"
COUNTY,NEBRASKA,31,SOUTHWEST,70,FRONTIER,63,"7,251"
COUNTY,NEBRASKA,31,SOUTHWEST,70,HAYES,85,"6,514"
COUNTY,NEBRASKA,31,SOUTHWEST,70,HITCHCOCK,87,"13,587"
COUNTY,NEBRASKA,31,SOUTHWEST,70,KEITH,101, 
COUNTY,NEBRASKA,31,SOUTHWEST,70,LINCOLN,111,"1,893"
COUNTY,NEBRASKA,31,SOUTHWEST,70,PERKINS,135,"4,323"
COUNTY,NEBRASKA,31,SOUTHWEST,70,RED WILLOW,145,"12,654"
COUNTY,NEVADA,32,NORTHWEST,10,CHURCHILL,1, 
COUNTY,NEW HAMPSHIRE,33,ALL COUNTIES,10,MERRIMACK,13, 
COUNTY,NEW JERSEY,34,CENTRAL,50,BURLINGTON,5,441
COUNTY,NEW JERSEY,34,NORTH,20,HUNTERDON,19, 
COUNTY,NEW JERSEY,34,NORTH,20,MORRIS,27, 
COUNTY,NEW JERSEY,34,NORTH,20,WARREN,41,89
COUNTY,NEW JERSEY,34,SOUTH,80,CUMBERLAND,11, 
COUNTY,NEW MEXICO,35,NORTHEAST,30,CURRY,9,"24,895"
COUNTY,NEW MEXICO,35,NORTHEAST,30,DE BACA,11, 
COUNTY,NEW MEXICO,35,NORTHEAST,30,QUAY,37,"8,204"
COUNTY,NEW MEXICO,35,NORTHEAST,30,ROOSEVELT,41,"12,759"
COUNTY,NEW MEXICO,35,NORTHEAST,30,UNION,59, 
COUNTY,NEW MEXICO,35,SOUTHEAST,90,CHAVES,5, 
COUNTY,NEW MEXICO,35,SOUTHEAST,90,DONA ANA,13, 
COUNTY,NEW MEXICO,35,SOUTHEAST,90,LEA,25, 
COUNTY,NEW MEXICO,35,SOUTHWEST,70,LUNA,29,469
COUNTY,NEW YORK,36,CENTRAL,50,ONEIDA,65, 
COUNTY,NEW YORK,36,CENTRAL,50,OTSEGO,77, 
COUNTY,NEW YORK,36,EASTERN,60,MONTGOMERY,57, 
COUNTY,NEW YORK,36,SOUTHEAST,90,COLUMBIA,21, 
COUNTY,NEW YORK,36,SOUTHEAST,90,GREENE,39, 
COUNTY,NEW YORK,36,SOUTHERN,80,TOMPKINS,109,52
COUNTY,NEW YORK,36,SOUTHWEST,70,CHAUTAUQUA,13, 
COUNTY,NEW YORK,36,SOUTHWEST,70,STEUBEN,101,71
COUNTY,NEW YORK,36,WESTERN,40,ERIE,29, 
COUNTY,NEW YORK,36,WESTERN,40,GENESEE,37, 
COUNTY,NEW YORK,36,WESTERN,40,ONTARIO,69, 
COUNTY,NEW YORK,36,WESTERN,40,SENECA,99,258
COUNTY,NEW YORK,36,WESTERN,40,WAYNE,117, 
COUNTY,NORTH CAROLINA,37,CENTRAL COASTAL,80,BEAUFORT,13, 
COUNTY,NORTH CAROLINA,37,CENTRAL COASTAL,80,CRAVEN,49, 
COUNTY,NORTH CAROLINA,37,CENTRAL COASTAL,80,GREENE,79, 
COUNTY,NORTH CAROLINA,37,CENTRAL COASTAL,80,HYDE,95, 
COUNTY,NORTH CAROLINA,37,CENTRAL COASTAL,80,JOHNSTON,101,"1,136"
COUNTY,NORTH CAROLINA,37,CENTRAL COASTAL,80,JONES,103, 
COUNTY,NORTH CAROLINA,37,CENTRAL COASTAL,80,LENOIR,107,348
COUNTY,NORTH CAROLINA,37,CENTRAL COASTAL,80,PAMLICO,137, 
COUNTY,NORTH CAROLINA,37,CENTRAL COASTAL,80,PITT,147,"1,014"
COUNTY,NORTH CAROLINA,37,CENTRAL COASTAL,80,WAYNE,191,92
COUNTY,NORTH CAROLINA,37,CENTRAL COASTAL,80,WILSON,195,417
COUNTY,NORTH CAROLINA,37,CENTRAL PIEDMONT,50,ALEXANDER,3,180
COUNTY,NORTH CAROLINA,37,CENTRAL PIEDMONT,50,CHATHAM,37,297
COUNTY,NORTH CAROLINA,37,CENTRAL PIEDMONT,50,DAVIDSON,57,240
COUNTY,NORTH CAROLINA,37,CENTRAL PIEDMONT,50,IREDELL,97,27
COUNTY,NORTH CAROLINA,37,CENTRAL PIEDMONT,50,RANDOLPH,151,250
COUNTY,NORTH CAROLINA,37,CENTRAL PIEDMONT,50,ROWAN,159,375
COUNTY,NORTH CAROLINA,37,CENTRAL PIEDMONT,50,WAKE,183,295
COUNTY,NORTH CAROLINA,37,NORTHERN COASTAL,70,BERTIE,15, 
COUNTY,NORTH CAROLINA,37,NORTHERN COASTAL,70,CAMDEN,29, 
COUNTY,NORTH CAROLINA,37,NORTHERN COASTAL,70,CHOWAN,41,391
COUNTY,NORTH CAROLINA,37,NORTHERN COASTAL,70,CURRITUCK,53, 
COUNTY,NORTH CAROLINA,37,NORTHERN COASTAL,70,EDGECOMBE,65,166
COUNTY,NORTH CAROLINA,37,NORTHERN COASTAL,70,HALIFAX,83,824
COUNTY,NORTH CAROLINA,37,NORTHERN COASTAL,70,HERTFORD,91, 
COUNTY,NORTH CAROLINA,37,NORTHERN COASTAL,70,MARTIN,117,208
COUNTY,NORTH CAROLINA,37,NORTHERN COASTAL,70,NASH,127,797
COUNTY,NORTH CAROLINA,37,NORTHERN COASTAL,70,NORTHAMPTON,131,"1,006"
COUNTY,NORTH CAROLINA,37,NORTHERN COASTAL,70,PASQUOTANK,139, 
COUNTY,NORTH CAROLINA,37,NORTHERN COASTAL,70,PERQUIMANS,143,443
COUNTY,NORTH CAROLINA,37,NORTHERN COASTAL,70,TYRRELL,177, 
COUNTY,NORTH CAROLINA,37,NORTHERN COASTAL,70,WASHINGTON,187, 
COUNTY,NORTH CAROLINA,37,NORTHERN MOUNTAIN,10,SURRY,171, 
COUNTY,NORTH CAROLINA,37,NORTHERN MOUNTAIN,10,WILKES,193, 
COUNTY,NORTH CAROLINA,37,NORTHERN MOUNTAIN,10,YADKIN,197,318
COUNTY,NORTH CAROLINA,37,NORTHERN PIEDMONT,40,ALAMANCE,1,165
COUNTY,NORTH CAROLINA,37,NORTHERN PIEDMONT,40,FORSYTH,67,35
COUNTY,NORTH CAROLINA,37,NORTHERN PIEDMONT,40,GRANVILLE,77, 
COUNTY,NORTH CAROLINA,37,NORTHERN PIEDMONT,40,GUILFORD,81,276
COUNTY,NORTH CAROLINA,37,NORTHERN PIEDMONT,40,ORANGE,135, 
COUNTY,NORTH CAROLINA,37,NORTHERN PIEDMONT,40,PERSON,145, 
COUNTY,NORTH CAROLINA,37,NORTHERN PIEDMONT,40,VANCE,181, 
COUNTY,NORTH CAROLINA,37,NORTHERN PIEDMONT,40,WARREN,185, 
COUNTY,NORTH CAROLINA,37,SOUTHERN COASTAL,90,BLADEN,17,226
COUNTY,NORTH CAROLINA,37,SOUTHERN COASTAL,90,COLUMBUS,47,68
COUNTY,NORTH CAROLINA,37,SOUTHERN COASTAL,90,DUPLIN,61,822
COUNTY,NORTH CAROLINA,37,SOUTHERN COASTAL,90,HARNETT,85, 
COUNTY,NORTH CAROLINA,37,SOUTHERN COASTAL,90,ONSLOW,133,272
COUNTY,NORTH CAROLINA,37,SOUTHERN COASTAL,90,PENDER,141, 
COUNTY,NORTH CAROLINA,37,SOUTHERN COASTAL,90,ROBESON,155,"1,147"
COUNTY,NORTH CAROLINA,37,SOUTHERN COASTAL,90,SAMPSON,163,405
COUNTY,NORTH CAROLINA,37,SOUTHERN PIEDMONT,60,ANSON,7, 
COUNTY,NORTH CAROLINA,37,SOUTHERN PIEDMONT,60,CABARRUS,25, 
COUNTY,NORTH CAROLINA,37,SOUTHERN PIEDMONT,60,CLEVELAND,45, 
COUNTY,NORTH CAROLINA,37,SOUTHERN PIEDMONT,60,GASTON,71, 
COUNTY,NORTH CAROLINA,37,SOUTHERN PIEDMONT,60,LINCOLN,109,8
COUNTY,NORTH CAROLINA,37,SOUTHERN PIEDMONT,60,RICHMOND,153, 
COUNTY,NORTH CAROLINA,37,SOUTHERN PIEDMONT,60,STANLY,167, 
COUNTY,NORTH CAROLINA,37,SOUTHERN PIEDMONT,60,UNION,179,901
COUNTY,NORTH CAROLINA,37,WESTERN MOUNTAIN,20,MITCHELL,121, 
COUNTY,NORTH DAKOTA,38,NORTH CENTRAL,20,MCHENRY,49,87
COUNTY,OHIO,39,CENTRAL,50,LICKING,89, 
COUNTY,OHIO,39,NORTH CENTRAL,20,ASHLAND,5, 
COUNTY,OHIO,39,NORTHEAST,30,STARK,151, 
COUNTY,OHIO,39,NORTHEAST,30,WAYNE,169, 
COUNTY,OHIO,39,NORTHWEST,10,PUTNAM,137, 
COUNTY,OHIO,39,SOUTH CENTRAL,80,HIGHLAND,71, 
COUNTY,OHIO,39,SOUTHWEST,70,PREBLE,135,64
COUNTY,OKLAHOMA,40,CENTRAL,50,CANADIAN,17,"3,753"
COUNTY,OKLAHOMA,40,CENTRAL,50,GRADY,51,"2,501"
COUNTY,OKLAHOMA,40,CENTRAL,50,KINGFISHER,73,"4,543"
COUNTY,OKLAHOMA,40,CENTRAL,50,LOGAN,83,"1,846"
COUNTY,OKLAHOMA,40,CENTRAL,50,MCCLAIN,87,"1,050"
COUNTY,OKLAHOMA,40,CENTRAL,50,OKLAHOMA,109, 
COUNTY,OKLAHOMA,40,CENTRAL,50,PAYNE,119,"1,263"
COUNTY,OKLAHOMA,40,CENTRAL,50,POTTAWATOMIE,125, 
COUNTY,OKLAHOMA,40,EAST CENTRAL,80,ADAIR,1, 
COUNTY,OKLAHOMA,40,EAST CENTRAL,80,HUGHES,63, 
COUNTY,OKLAHOMA,40,EAST CENTRAL,80,MUSKOGEE,101, 
COUNTY,OKLAHOMA,40,EAST CENTRAL,80,SEQUOYAH,135, 
COUNTY,OKLAHOMA,40,NORTH CENTRAL,40,ALFALFA,3,"5,376"
COUNTY,OKLAHOMA,40,NORTH CENTRAL,40,GARFIELD,47,"23,240"
COUNTY,OKLAHOMA,40,NORTH CENTRAL,40,GRANT,53,"16,658"
COUNTY,OKLAHOMA,40,NORTH CENTRAL,40,KAY,71,"5,999"
COUNTY,OKLAHOMA,40,NORTH CENTRAL,40,MAJOR,93,"3,379"
COUNTY,OKLAHOMA,40,NORTH CENTRAL,40,NOBLE,103,"2,343"
COUNTY,OKLAHOMA,40,NORTH CENTRAL,40,WOODS,151,"5,206"
COUNTY,OKLAHOMA,40,NORTH CENTRAL,40,WOODWARD,153,"1,000"
COUNTY,OKLAHOMA,40,NORTHEAST,70,CRAIG,35,308
COUNTY,OKLAHOMA,40,NORTHEAST,70,DELAWARE,41, 
COUNTY,OKLAHOMA,40,NORTHEAST,70,MAYES,97,"1,681"
COUNTY,OKLAHOMA,40,NORTHEAST,70,NOWATA,105,250
COUNTY,OKLAHOMA,40,NORTHEAST,70,OSAGE,113,938
COUNTY,OKLAHOMA,40,NORTHEAST,70,OTTAWA,115,"1,582"
COUNTY,OKLAHOMA,40,NORTHEAST,70,PAWNEE,117,"1,996"
COUNTY,OKLAHOMA,40,NORTHEAST,70,ROGERS,131,420
COUNTY,OKLAHOMA,40,NORTHEAST,70,WAGONER,145,896
COUNTY,OKLAHOMA,40,NORTHEAST,70,WASHINGTON,147, 
COUNTY,OKLAHOMA,40,PANHANDLE,10,BEAVER,7,"23,450"
COUNTY,OKLAHOMA,40,PANHANDLE,10,CIMARRON,25,"72,559"
COUNTY,OKLAHOMA,40,PANHANDLE,10,ELLIS,45,628
COUNTY,OKLAHOMA,40,PANHANDLE,10,HARPER,59,"5,197"
COUNTY,OKLAHOMA,40,PANHANDLE,10,TEXAS,139,"73,509"
COUNTY,OKLAHOMA,40,SOUTH CENTRAL,60,ATOKA,5, 
COUNTY,OKLAHOMA,40,SOUTH CENTRAL,60,BRYAN,13, 
COUNTY,OKLAHOMA,40,SOUTH CENTRAL,60,GARVIN,49,"1,051"
COUNTY,OKLAHOMA,40,SOUTH CENTRAL,60,MARSHALL,95,15
COUNTY,OKLAHOMA,40,SOUTH CENTRAL,60,STEPHENS,137, 
COUNTY,OKLAHOMA,40,SOUTHEAST,90,LEFLORE,79, 
COUNTY,OKLAHOMA,40,SOUTHWEST,30,CADDO,15,"3,782"
COUNTY,OKLAHOMA,40,SOUTHWEST,30,COMANCHE,31,184
COUNTY,OKLAHOMA,40,SOUTHWEST,30,COTTON,33,"3,240"
COUNTY,OKLAHOMA,40,SOUTHWEST,30,GREER,55,"1,257"
COUNTY,OKLAHOMA,40,SOUTHWEST,30,HARMON,57,321
COUNTY,OKLAHOMA,40,SOUTHWEST,30,JACKSON,65,"4,194"
COUNTY,OKLAHOMA,40,SOUTHWEST,30,KIOWA,75,"10,516"
COUNTY,OKLAHOMA,40,SOUTHWEST,30,TILLMAN,141,"9,640"
COUNTY,OKLAHOMA,40,WEST CENTRAL,20,BECKHAM,9,"2,179"
COUNTY,OKLAHOMA,40,WEST CENTRAL,20,BLAINE,11,934
COUNTY,OKLAHOMA,40,WEST CENTRAL,20,CUSTER,39,"4,284"
COUNTY,OKLAHOMA,40,WEST CENTRAL,20,DEWEY,43, 
COUNTY,OKLAHOMA,40,WEST CENTRAL,20,ROGER MILLS,129, 
COUNTY,OKLAHOMA,40,WEST CENTRAL,20,WASHITA,149,"4,595"
COUNTY,OREGON,41,SOUTHWEST,70,COOS,11, 
COUNTY,PENNSYLVANIA,42,CENTRAL,50,DAUPHIN,43,11
COUNTY,PENNSYLVANIA,42,CENTRAL,50,HUNTINGDON,61,205
COUNTY,PENNSYLVANIA,42,CENTRAL,50,JUNIATA,67, 
COUNTY,PENNSYLVANIA,42,CENTRAL,50,MIFFLIN,87, 
COUNTY,PENNSYLVANIA,42,CENTRAL,50,NORTHUMBERLAND,97, 
COUNTY,PENNSYLVANIA,42,EAST CENTRAL,60,LEHIGH,77,265
COUNTY,PENNSYLVANIA,42,EAST CENTRAL,60,NORTHAMPTON,95, 
COUNTY,PENNSYLVANIA,42,EAST CENTRAL,60,SCHUYLKILL,107,193
COUNTY,PENNSYLVANIA,42,NORTH CENTRAL,20,LYCOMING,81,81
COUNTY,PENNSYLVANIA,42,NORTH CENTRAL,20,POTTER,105, 
COUNTY,PENNSYLVANIA,42,NORTHWESTERN,10,WARREN,123, 
COUNTY,PENNSYLVANIA,42,SOUTH CENTRAL,80,ADAMS,1,"1,136"
COUNTY,PENNSYLVANIA,42,SOUTH CENTRAL,80,BEDFORD,9,174
COUNTY,PENNSYLVANIA,42,SOUTH CENTRAL,80,CUMBERLAND,41,194
COUNTY,PENNSYLVANIA,42,SOUTH CENTRAL,80,FRANKLIN,55,936
COUNTY,PENNSYLVANIA,42,SOUTH CENTRAL,80,FULTON,57,157
COUNTY,PENNSYLVANIA,42,SOUTHEASTERN,90,BERKS,11,339
COUNTY,PENNSYLVANIA,42,SOUTHEASTERN,90,CHESTER,29, 
COUNTY,PENNSYLVANIA,42,SOUTHEASTERN,90,LANCASTER,71,161
COUNTY,PENNSYLVANIA,42,SOUTHEASTERN,90,LEBANON,75,419
COUNTY,PENNSYLVANIA,42,SOUTHEASTERN,90,MONTGOMERY,91, 
COUNTY,PENNSYLVANIA,42,SOUTHWESTERN,70,WESTMORELAND,129,210
COUNTY,PENNSYLVANIA,42,WEST CENTRAL,40,ARMSTRONG,5, 
COUNTY,PENNSYLVANIA,42,WEST CENTRAL,40,BUTLER,19, 
COUNTY,PENNSYLVANIA,42,WEST CENTRAL,40,CLARION,31, 
COUNTY,PENNSYLVANIA,42,WEST CENTRAL,40,INDIANA,63, 
COUNTY,PENNSYLVANIA,42,WEST CENTRAL,40,JEFFERSON,65, 
COUNTY,SOUTH CAROLINA,45,CENTRAL,50,CALHOUN,17, 
COUNTY,SOUTH CAROLINA,45,CENTRAL,50,CLARENDON,27,"1,245"
COUNTY,SOUTH CAROLINA,45,CENTRAL,50,LEE,61, 
COUNTY,SOUTH CAROLINA,45,CENTRAL,50,LEXINGTON,63,330
COUNTY,SOUTH CAROLINA,45,CENTRAL,50,ORANGEBURG,75, 
COUNTY,SOUTH CAROLINA,45,CENTRAL,50,SUMTER,85,966
COUNTY,SOUTH CAROLINA,45,EASTERN,30,CHESTERFIELD,25, 
COUNTY,SOUTH CAROLINA,45,EASTERN,30,DARLINGTON,31,464
COUNTY,SOUTH CAROLINA,45,EASTERN,30,DILLON,33, 
COUNTY,SOUTH CAROLINA,45,EASTERN,30,FLORENCE,41, 
COUNTY,SOUTH CAROLINA,45,EASTERN,30,HORRY,51, 
COUNTY,SOUTH CAROLINA,45,EASTERN,30,MARION,67, 
COUNTY,SOUTH CAROLINA,45,EASTERN,30,MARLBORO,69, 
COUNTY,SOUTH CAROLINA,45,EASTERN,30,WILLIAMSBURG,89,226
COUNTY,SOUTH CAROLINA,45,NORTH CENTRAL,20,FAIRFIELD,39,15
COUNTY,SOUTH CAROLINA,45,NORTH CENTRAL,20,LANCASTER,57, 
COUNTY,SOUTH CAROLINA,45,NORTHWEST,10,ANDERSON,7,424
COUNTY,SOUTH CAROLINA,45,NORTHWEST,10,OCONEE,73, 
COUNTY,SOUTH CAROLINA,45,SOUTHERN,80,BAMBERG,9, 
COUNTY,SOUTH CAROLINA,45,SOUTHERN,80,BARNWELL,11, 
COUNTY,SOUTH CAROLINA,45,SOUTHERN,80,BERKELEY,15, 
COUNTY,SOUTH CAROLINA,45,SOUTHERN,80,JASPER,53, 
COUNTY,SOUTH CAROLINA,45,WEST CENTRAL,40,AIKEN,3, 
COUNTY,SOUTH CAROLINA,45,WEST CENTRAL,40,NEWBERRY,71, 
COUNTY,SOUTH CAROLINA,45,WEST CENTRAL,40,SALUDA,81,796
COUNTY,SOUTH DAKOTA,46,CENTRAL,50,AURORA,3,782
COUNTY,SOUTH DAKOTA,46,CENTRAL,50,BEADLE,5, 
COUNTY,SOUTH DAKOTA,46,CENTRAL,50,BRULE,15,"2,416"
COUNTY,SOUTH DAKOTA,46,CENTRAL,50,BUFFALO,17,"1,542"
COUNTY,SOUTH DAKOTA,46,CENTRAL,50,HAND,59,"3,574"
COUNTY,SOUTH DAKOTA,46,CENTRAL,50,HUGHES,65,"6,477"
COUNTY,SOUTH DAKOTA,46,CENTRAL,50,HYDE,69,"5,255"
COUNTY,SOUTH DAKOTA,46,CENTRAL,50,JERAULD,73,673
COUNTY,SOUTH DAKOTA,46,CENTRAL,50,SULLY,119,"8,456"
COUNTY,SOUTH DAKOTA,46,EAST CENTRAL,60,DAVISON,35,230
COUNTY,SOUTH DAKOTA,46,EAST CENTRAL,60,HANSON,61,25
COUNTY,SOUTH DAKOTA,46,EAST CENTRAL,60,MCCOOK,87, 
COUNTY,SOUTH DAKOTA,46,EAST CENTRAL,60,MINNEHAHA,99, 
COUNTY,SOUTH DAKOTA,46,EAST CENTRAL,60,SANBORN,111,"1,276"
COUNTY,SOUTH DAKOTA,46,NORTH CENTRAL,20,BROWN,13, 
COUNTY,SOUTH DAKOTA,46,NORTH CENTRAL,20,FAULK,49,648
COUNTY,SOUTH DAKOTA,46,NORTH CENTRAL,20,MCPHERSON,89,"1,200"
COUNTY,SOUTH DAKOTA,46,NORTH CENTRAL,20,POTTER,107, 
COUNTY,SOUTH DAKOTA,46,NORTH CENTRAL,20,SPINK,115, 
COUNTY,SOUTH DAKOTA,46,NORTH CENTRAL,20,WALWORTH,129, 
COUNTY,SOUTH DAKOTA,46,NORTHEAST,30,CLARK,25, 
COUNTY,SOUTH DAKOTA,46,NORTHEAST,30,DEUEL,39, 
COUNTY,SOUTH DAKOTA,46,NORTHEAST,30,HAMLIN,57,640
COUNTY,SOUTH DAKOTA,46,NORTHWEST,10,BUTTE,19,237
COUNTY,SOUTH DAKOTA,46,NORTHWEST,10,DEWEY,41,"1,232"
COUNTY,SOUTH DAKOTA,46,NORTHWEST,10,ZIEBACH,137, 
COUNTY,SOUTH DAKOTA,46,SOUTH CENTRAL,80,GREGORY,53,329
COUNTY,SOUTH DAKOTA,46,SOUTH CENTRAL,80,JONES,75,"24,107"
COUNTY,SOUTH DAKOTA,46,SOUTH CENTRAL,80,LYMAN,85,"42,470"
COUNTY,SOUTH DAKOTA,46,SOUTH CENTRAL,80,MELLETTE,95,"2,585"
COUNTY,SOUTH DAKOTA,46,SOUTH CENTRAL,80,TODD,121, 
COUNTY,SOUTH DAKOTA,46,SOUTH CENTRAL,80,TRIPP,123,"16,097"
COUNTY,SOUTH DAKOTA,46,SOUTHEAST,90,BON HOMME,9, 
COUNTY,SOUTH DAKOTA,46,SOUTHEAST,90,CHARLES MIX,23,"6,472"
COUNTY,SOUTH DAKOTA,46,SOUTHEAST,90,CLAY,27, 
COUNTY,SOUTH DAKOTA,46,SOUTHEAST,90,DOUGLAS,43,550
COUNTY,SOUTH DAKOTA,46,SOUTHEAST,90,HUTCHINSON,67, 
COUNTY,SOUTH DAKOTA,46,SOUTHEAST,90,LINCOLN,83, 
COUNTY,SOUTH DAKOTA,46,SOUTHEAST,90,TURNER,125, 
COUNTY,SOUTH DAKOTA,46,SOUTHEAST,90,YANKTON,135, 
COUNTY,SOUTH DAKOTA,46,SOUTHWEST,70,BENNETT,7,"2,296"
COUNTY,SOUTH DAKOTA,46,SOUTHWEST,70,CUSTER,33,198
COUNTY,SOUTH DAKOTA,46,SOUTHWEST,70,FALL RIVER,47, 
COUNTY,SOUTH DAKOTA,46,SOUTHWEST,70,OGLALA LAKOTA,102, 
COUNTY,SOUTH DAKOTA,46,WEST CENTRAL,40,HAAKON,55,"8,470"
COUNTY,SOUTH DAKOTA,46,WEST CENTRAL,40,JACKSON,71, 
COUNTY,SOUTH DAKOTA,46,WEST CENTRAL,40,MEADE,93,"3,686"
COUNTY,SOUTH DAKOTA,46,WEST CENTRAL,40,PENNINGTON,103,417
COUNTY,SOUTH DAKOTA,46,WEST CENTRAL,40,STANLEY,117,"7,748"
COUNTY,TENNESSEE,47,CENTRAL BASIN,40,LINCOLN,103, 
COUNTY,TENNESSEE,47,CENTRAL BASIN,40,MACON,111, 
COUNTY,TENNESSEE,47,CUMBERLAND PLATEAU,50,BLEDSOE,7, 
COUNTY,TENNESSEE,47,CUMBERLAND PLATEAU,50,MARION,115, 
COUNTY,TENNESSEE,47,CUMBERLAND PLATEAU,50,WARREN,177, 
COUNTY,TENNESSEE,47,DELTA,10,DYER,45,"2,158"
COUNTY,TENNESSEE,47,DELTA,10,LAUDERDALE,97, 
COUNTY,TENNESSEE,47,DELTA,10,OBION,131, 
COUNTY,TENNESSEE,47,DELTA,10,SHELBY,157, 
COUNTY,TENNESSEE,47,DELTA,10,TIPTON,167,"1,011"
COUNTY,TENNESSEE,47,EAST TENNESSEE,60,MONROE,123, 
COUNTY,TENNESSEE,47,WEST TENNESSEE,20,FAYETTE,47, 
COUNTY,TENNESSEE,47,WEST TENNESSEE,20,HARDEMAN,69,403
COUNTY,TENNESSEE,47,WEST TENNESSEE,20,HARDIN,71,"2,388"
COUNTY,TENNESSEE,47,WEST TENNESSEE,20,HAYWOOD,75,934
COUNTY,TENNESSEE,47,WEST TENNESSEE,20,HENDERSON,77, 
COUNTY,TENNESSEE,47,WEST TENNESSEE,20,MCNAIRY,109, 
COUNTY,TENNESSEE,47,WEST TENNESSEE,20,WEAKLEY,183, 
COUNTY,TENNESSEE,47,WESTERN RIM,30,LAWRENCE,99, 
COUNTY,TENNESSEE,47,WESTERN RIM,30,MONTGOMERY,125, 
COUNTY,TEXAS,48,BLACKLANDS,40,BELL,27,"7,264"
COUNTY,TEXAS,48,BLACKLANDS,40,BOSQUE,35,"1,299"
COUNTY,TEXAS,48,BLACKLANDS,40,COLLIN,85,"7,102"
COUNTY,TEXAS,48,BLACKLANDS,40,COOKE,97,"4,870"
COUNTY,TEXAS,48,BLACKLANDS,40,CORYELL,99,"4,705"
COUNTY,TEXAS,48,BLACKLANDS,40,DALLAS,113, 
COUNTY,TEXAS,48,BLACKLANDS,40,DELTA,119,"1,000"
COUNTY,TEXAS,48,BLACKLANDS,40,DENTON,121,"9,346"
COUNTY,TEXAS,48,BLACKLANDS,40,ELLIS,139,"5,191"
COUNTY,TEXAS,48,BLACKLANDS,40,FALLS,145,"2,455"
COUNTY,TEXAS,48,BLACKLANDS,40,FANNIN,147, 
COUNTY,TEXAS,48,BLACKLANDS,40,GRAYSON,181,"7,181"
COUNTY,TEXAS,48,BLACKLANDS,40,HAMILTON,193,"1,335"
COUNTY,TEXAS,48,BLACKLANDS,40,HILL,217,"3,587"
COUNTY,TEXAS,48,BLACKLANDS,40,HUNT,231,363
COUNTY,TEXAS,48,BLACKLANDS,40,JOHNSON,251,"2,585"
COUNTY,TEXAS,48,BLACKLANDS,40,KAUFMAN,257, 
COUNTY,TEXAS,48,BLACKLANDS,40,LAMAR,277, 
COUNTY,TEXAS,48,BLACKLANDS,40,LIMESTONE,293,637
COUNTY,TEXAS,48,BLACKLANDS,40,MCLENNAN,309,"5,243"
COUNTY,TEXAS,48,BLACKLANDS,40,MILAM,331,"10,072"
COUNTY,TEXAS,48,BLACKLANDS,40,NAVARRO,349,"5,813"
COUNTY,TEXAS,48,BLACKLANDS,40,ROCKWALL,397,"5,044"
COUNTY,TEXAS,48,BLACKLANDS,40,TARRANT,439, 
COUNTY,TEXAS,48,BLACKLANDS,40,WILLIAMSON,491,"8,970"
COUNTY,TEXAS,48,COASTAL BEND,82,KLEBERG,273,"24,655"
COUNTY,TEXAS,48,COASTAL BEND,82,NUECES,355,"1,42,457"
COUNTY,TEXAS,48,COASTAL BEND,82,REFUGIO,391,"24,774"
COUNTY,TEXAS,48,COASTAL BEND,82,SAN PATRICIO,409,"85,707"
COUNTY,TEXAS,48,CROSS TIMBERS,30,ARCHER,9, 
COUNTY,TEXAS,48,CROSS TIMBERS,30,BROWN,49, 
COUNTY,TEXAS,48,CROSS TIMBERS,30,CALLAHAN,59, 
COUNTY,TEXAS,48,CROSS TIMBERS,30,CLAY,77,520
COUNTY,TEXAS,48,CROSS TIMBERS,30,COMANCHE,93,781
COUNTY,TEXAS,48,CROSS TIMBERS,30,EASTLAND,133, 
COUNTY,TEXAS,48,CROSS TIMBERS,30,ERATH,143,"1,449"
COUNTY,TEXAS,48,CROSS TIMBERS,30,MILLS,333, 
COUNTY,TEXAS,48,CROSS TIMBERS,30,MONTAGUE,337, 
COUNTY,TEXAS,48,CROSS TIMBERS,30,STEPHENS,429,300
COUNTY,TEXAS,48,CROSS TIMBERS,30,THROCKMORTON,447, 
COUNTY,TEXAS,48,CROSS TIMBERS,30,WISE,497,904
COUNTY,TEXAS,48,EAST TEXAS NORTH,51,BOWIE,37, 
COUNTY,TEXAS,48,EAST TEXAS NORTH,51,FRANKLIN,159, 
COUNTY,TEXAS,48,EAST TEXAS NORTH,51,HOPKINS,223, 
COUNTY,TEXAS,48,EAST TEXAS NORTH,51,SHELBY,419, 
COUNTY,TEXAS,48,EAST TEXAS SOUTH,52,BRAZOS,41,"1,428"
COUNTY,TEXAS,48,EAST TEXAS SOUTH,52,GRIMES,185, 
COUNTY,TEXAS,48,EAST TEXAS SOUTH,52,LEON,289, 
COUNTY,TEXAS,48,EAST TEXAS SOUTH,52,ROBERTSON,395,"3,746"
COUNTY,TEXAS,48,EAST TEXAS SOUTH,52,SAN JACINTO,407, 
COUNTY,TEXAS,48,EAST TEXAS SOUTH,52,WALLER,473,"1,672"
COUNTY,TEXAS,48,EDWARDS PLATEAU,70,BLANCO,31, 
COUNTY,TEXAS,48,EDWARDS PLATEAU,70,COKE,81, 
COUNTY,TEXAS,48,EDWARDS PLATEAU,70,CONCHO,95,"5,677"
COUNTY,TEXAS,48,EDWARDS PLATEAU,70,GILLESPIE,171,"1,411"
COUNTY,TEXAS,48,EDWARDS PLATEAU,70,IRION,235, 
COUNTY,TEXAS,48,EDWARDS PLATEAU,70,KENDALL,259, 
COUNTY,TEXAS,48,EDWARDS PLATEAU,70,MCCULLOCH,307,"1,013"
COUNTY,TEXAS,48,EDWARDS PLATEAU,70,REAGAN,383,"1,820"
COUNTY,TEXAS,48,EDWARDS PLATEAU,70,SCHLEICHER,413,"1,052"
COUNTY,TEXAS,48,EDWARDS PLATEAU,70,TOM GREEN,451,"12,256"
COUNTY,TEXAS,48,EDWARDS PLATEAU,70,UPTON,461,"1,577"
COUNTY,TEXAS,48,EDWARDS PLATEAU,70,UVALDE,463,"6,354"
COUNTY,TEXAS,48,LOWER VALLEY,97,CAMERON,61,"50,269"
COUNTY,TEXAS,48,LOWER VALLEY,97,HIDALGO,215,"84,012"
COUNTY,TEXAS,48,LOWER VALLEY,97,STARR,427,"16,162"
COUNTY,TEXAS,48,LOWER VALLEY,97,WILLACY,489,"85,065"
COUNTY,TEXAS,48,NORTHERN HIGH PLAINS,11,ARMSTRONG,11,"7,194"
COUNTY,TEXAS,48,NORTHERN HIGH PLAINS,11,BRISCOE,45,"3,574"
COUNTY,TEXAS,48,NORTHERN HIGH PLAINS,11,CARSON,65,"34,031"
COUNTY,TEXAS,48,NORTHERN HIGH PLAINS,11,CASTRO,69,"9,714"
COUNTY,TEXAS,48,NORTHERN HIGH PLAINS,11,DALLAM,111,"14,457"
COUNTY,TEXAS,48,NORTHERN HIGH PLAINS,11,DEAF SMITH,117,"41,104"
COUNTY,TEXAS,48,NORTHERN HIGH PLAINS,11,FLOYD,153,"7,751"
COUNTY,TEXAS,48,NORTHERN HIGH PLAINS,11,GRAY,179,"3,743"
COUNTY,TEXAS,48,NORTHERN HIGH PLAINS,11,HALE,189,"15,373"
COUNTY,TEXAS,48,NORTHERN HIGH PLAINS,11,HANSFORD,195,"7,662"
COUNTY,TEXAS,48,NORTHERN HIGH PLAINS,11,HARTLEY,205,"8,972"
COUNTY,TEXAS,48,NORTHERN HIGH PLAINS,11,HUTCHINSON,233,"2,863"
COUNTY,TEXAS,48,NORTHERN HIGH PLAINS,11,LIPSCOMB,295,"11,595"
COUNTY,TEXAS,48,NORTHERN HIGH PLAINS,11,MOORE,341,"20,873"
COUNTY,TEXAS,48,NORTHERN HIGH PLAINS,11,OCHILTREE,357,"41,040"
COUNTY,TEXAS,48,NORTHERN HIGH PLAINS,11,OLDHAM,359,"6,321"
COUNTY,TEXAS,48,NORTHERN HIGH PLAINS,11,PARMER,369,"22,413"
COUNTY,TEXAS,48,NORTHERN HIGH PLAINS,11,POTTER,375,"1,217"
COUNTY,TEXAS,48,NORTHERN HIGH PLAINS,11,RANDALL,381,"12,414"
COUNTY,TEXAS,48,NORTHERN HIGH PLAINS,11,ROBERTS,393, 
COUNTY,TEXAS,48,NORTHERN HIGH PLAINS,11,SHERMAN,421,"24,168"
COUNTY,TEXAS,48,NORTHERN HIGH PLAINS,11,SWISHER,437,"18,019"
COUNTY,TEXAS,48,NORTHERN LOW PLAINS,21,BORDEN,33, 
COUNTY,TEXAS,48,NORTHERN LOW PLAINS,21,CHILDRESS,75,"1,875"
COUNTY,TEXAS,48,NORTHERN LOW PLAINS,21,COLLINGSWORTH,87,954
COUNTY,TEXAS,48,NORTHERN LOW PLAINS,21,DICKENS,125,"1,074"
COUNTY,TEXAS,48,NORTHERN LOW PLAINS,21,DONLEY,129,941
COUNTY,TEXAS,48,NORTHERN LOW PLAINS,21,HALL,191, 
COUNTY,TEXAS,48,NORTHERN LOW PLAINS,21,HARDEMAN,197, 
COUNTY,TEXAS,48,NORTHERN LOW PLAINS,21,KENT,263, 
COUNTY,TEXAS,48,NORTHERN LOW PLAINS,21,MOTLEY,345, 
COUNTY,TEXAS,48,NORTHERN LOW PLAINS,21,WHEELER,483, 
COUNTY,TEXAS,48,NORTHERN LOW PLAINS,21,WICHITA,485,"4,765"
COUNTY,TEXAS,48,NORTHERN LOW PLAINS,21,WILBARGER,487,"2,254"
COUNTY,TEXAS,48,SOUTH CENTRAL,81,AUSTIN,15,853
COUNTY,TEXAS,48,SOUTH CENTRAL,81,BASTROP,21, 
COUNTY,TEXAS,48,SOUTH CENTRAL,81,BEE,25,"10,068"
COUNTY,TEXAS,48,SOUTH CENTRAL,81,BEXAR,29,"6,230"
COUNTY,TEXAS,48,SOUTH CENTRAL,81,BURLESON,51,"2,802"
COUNTY,TEXAS,48,SOUTH CENTRAL,81,CALDWELL,55,"6,495"
COUNTY,TEXAS,48,SOUTH CENTRAL,81,COLORADO,89, 
COUNTY,TEXAS,48,SOUTH CENTRAL,81,COMAL,91, 
COUNTY,TEXAS,48,SOUTH CENTRAL,81,DE WITT,123, 
COUNTY,TEXAS,48,SOUTH CENTRAL,81,FAYETTE,149,636
COUNTY,TEXAS,48,SOUTH CENTRAL,81,GOLIAD,175,"1,700"
COUNTY,TEXAS,48,SOUTH CENTRAL,81,GONZALES,177,227
COUNTY,TEXAS,48,SOUTH CENTRAL,81,GUADALUPE,187,"16,719"
COUNTY,TEXAS,48,SOUTH CENTRAL,81,HAYS,209,"2,385"
COUNTY,TEXAS,48,SOUTH CENTRAL,81,KARNES,255,"4,836"
COUNTY,TEXAS,48,SOUTH CENTRAL,81,LAVACA,285, 
COUNTY,TEXAS,48,SOUTH CENTRAL,81,LEE,287, 
COUNTY,TEXAS,48,SOUTH CENTRAL,81,MEDINA,325,"5,941"
COUNTY,TEXAS,48,SOUTH CENTRAL,81,TRAVIS,453,"5,711"
COUNTY,TEXAS,48,SOUTH CENTRAL,81,WILSON,493,"6,379"
COUNTY,TEXAS,48,SOUTH TEXAS,96,ATASCOSA,13,"1,179"
COUNTY,TEXAS,48,SOUTH TEXAS,96,DIMMIT,127, 
COUNTY,TEXAS,48,SOUTH TEXAS,96,DUVAL,131, 
COUNTY,TEXAS,48,SOUTH TEXAS,96,FRIO,163,"2,069"
COUNTY,TEXAS,48,SOUTH TEXAS,96,JIM WELLS,249,"51,599"
COUNTY,TEXAS,48,SOUTH TEXAS,96,LA SALLE,283, 
COUNTY,TEXAS,48,SOUTH TEXAS,96,LIVE OAK,297,"5,272"
COUNTY,TEXAS,48,SOUTH TEXAS,96,ZAPATA,505, 
COUNTY,TEXAS,48,SOUTH TEXAS,96,ZAVALA,507,"4,951"
COUNTY,TEXAS,48,SOUTHERN HIGH PLAINS,12,ANDREWS,3, 
COUNTY,TEXAS,48,SOUTHERN HIGH PLAINS,12,BAILEY,17,"17,078"
COUNTY,TEXAS,48,SOUTHERN HIGH PLAINS,12,COCHRAN,79,"31,180"
COUNTY,TEXAS,48,SOUTHERN HIGH PLAINS,12,CROSBY,107,"6,187"
COUNTY,TEXAS,48,SOUTHERN HIGH PLAINS,12,DAWSON,115,"3,681"
COUNTY,TEXAS,48,SOUTHERN HIGH PLAINS,12,GAINES,165,"13,945"
COUNTY,TEXAS,48,SOUTHERN HIGH PLAINS,12,GLASSCOCK,173,961
COUNTY,TEXAS,48,SOUTHERN HIGH PLAINS,12,HOCKLEY,219,"72,464"
COUNTY,TEXAS,48,SOUTHERN HIGH PLAINS,12,HOWARD,227, 
COUNTY,TEXAS,48,SOUTHERN HIGH PLAINS,12,LAMB,279,"36,096"
COUNTY,TEXAS,48,SOUTHERN HIGH PLAINS,12,LUBBOCK,303,"23,354"
COUNTY,TEXAS,48,SOUTHERN HIGH PLAINS,12,LYNN,305,"22,224"
COUNTY,TEXAS,48,SOUTHERN HIGH PLAINS,12,MARTIN,317,"5,570"
COUNTY,TEXAS,48,SOUTHERN HIGH PLAINS,12,TERRY,445,"9,083"
COUNTY,TEXAS,48,SOUTHERN HIGH PLAINS,12,YOAKUM,501,"18,866"
COUNTY,TEXAS,48,SOUTHERN LOW PLAINS,22,BAYLOR,23,569
COUNTY,TEXAS,48,SOUTHERN LOW PLAINS,22,COLEMAN,83,"1,738"
COUNTY,TEXAS,48,SOUTHERN LOW PLAINS,22,FISHER,151, 
COUNTY,TEXAS,48,SOUTHERN LOW PLAINS,22,HASKELL,207,"5,767"
COUNTY,TEXAS,48,SOUTHERN LOW PLAINS,22,JONES,253,"1,852"
COUNTY,TEXAS,48,SOUTHERN LOW PLAINS,22,KNOX,275, 
COUNTY,TEXAS,48,SOUTHERN LOW PLAINS,22,MITCHELL,335,445
COUNTY,TEXAS,48,SOUTHERN LOW PLAINS,22,NOLAN,353,"1,590"
COUNTY,TEXAS,48,SOUTHERN LOW PLAINS,22,RUNNELS,399,"7,107"
COUNTY,TEXAS,48,SOUTHERN LOW PLAINS,22,SCURRY,415, 
COUNTY,TEXAS,48,SOUTHERN LOW PLAINS,22,STONEWALL,433, 
COUNTY,TEXAS,48,SOUTHERN LOW PLAINS,22,TAYLOR,441,"3,095"
COUNTY,TEXAS,48,TRANS-PECOS,60,EL PASO,141, 
COUNTY,TEXAS,48,TRANS-PECOS,60,PECOS,371, 
COUNTY,TEXAS,48,UPPER COAST,90,BRAZORIA,39,"7,712"
COUNTY,TEXAS,48,UPPER COAST,90,CALHOUN,57,"9,202"
COUNTY,TEXAS,48,UPPER COAST,90,FORT BEND,157,"15,911"
COUNTY,TEXAS,48,UPPER COAST,90,HARRIS,201, 
COUNTY,TEXAS,48,UPPER COAST,90,JACKSON,239,"6,330"
COUNTY,TEXAS,48,UPPER COAST,90,JEFFERSON,245, 
COUNTY,TEXAS,48,UPPER COAST,90,LIBERTY,291, 
COUNTY,TEXAS,48,UPPER COAST,90,MATAGORDA,321,"14,501"
COUNTY,TEXAS,48,UPPER COAST,90,VICTORIA,469,"10,537"
COUNTY,TEXAS,48,UPPER COAST,90,WHARTON,481,"18,383"
COUNTY,VIRGINIA,51,CENTRAL,50,ALBEMARLE,3, 
COUNTY,VIRGINIA,51,CENTRAL,50,AMELIA,7,166
COUNTY,VIRGINIA,51,CENTRAL,50,CAROLINE,33,580
COUNTY,VIRGINIA,51,CENTRAL,50,FLUVANNA,65, 
COUNTY,VIRGINIA,51,CENTRAL,50,HANOVER,85,233
COUNTY,VIRGINIA,51,CENTRAL,50,HENRICO,87, 
COUNTY,VIRGINIA,51,CENTRAL,50,LOUISA,109, 
COUNTY,VIRGINIA,51,CENTRAL,50,PRINCE EDWARD,147, 
COUNTY,VIRGINIA,51,CENTRAL,50,SPOTSYLVANIA,177, 
COUNTY,VIRGINIA,51,EASTERN,60,ACCOMACK,1,"1,515"
COUNTY,VIRGINIA,51,EASTERN,60,KING WILLIAM,101, 
COUNTY,VIRGINIA,51,EASTERN,60,MATHEWS,115, 
COUNTY,VIRGINIA,51,EASTERN,60,NORTHAMPTON,131,"1,083"
COUNTY,VIRGINIA,51,NORTHERN,20,CULPEPER,47,298
COUNTY,VIRGINIA,51,NORTHERN,20,FAUQUIER,61, 
COUNTY,VIRGINIA,51,NORTHERN,20,MADISON,113, 
COUNTY,VIRGINIA,51,NORTHERN,20,ROCKINGHAM,165, 
COUNTY,VIRGINIA,51,NORTHERN,20,SHENANDOAH,171, 
COUNTY,VIRGINIA,51,SOUTHEASTERN,90,BRUNSWICK,25,225
COUNTY,VIRGINIA,51,SOUTHEASTERN,90,DINWIDDIE,53, 
COUNTY,VIRGINIA,51,SOUTHEASTERN,90,GREENSVILLE,81,415
COUNTY,VIRGINIA,51,SOUTHEASTERN,90,MECKLENBURG,117,84
COUNTY,VIRGINIA,51,SOUTHEASTERN,90,PRINCE GEORGE,149,274
COUNTY,VIRGINIA,51,SOUTHEASTERN,90,SUFFOLK CITY,800, 
COUNTY,VIRGINIA,51,SOUTHEASTERN,90,SURRY,181, 
COUNTY,VIRGINIA,51,SOUTHEASTERN,90,SUSSEX,183,618
COUNTY,VIRGINIA,51,SOUTHERN,80,CHARLOTTE,37,186
COUNTY,VIRGINIA,51,SOUTHERN,80,FRANKLIN,67,58
COUNTY,VIRGINIA,51,SOUTHERN,80,HALIFAX,83,56
COUNTY,VIRGINIA,51,SOUTHERN,80,HENRY,89, 
COUNTY,VIRGINIA,51,SOUTHERN,80,LUNENBURG,111,180
COUNTY,VIRGINIA,51,SOUTHERN,80,NOTTOWAY,135, 
COUNTY,VIRGINIA,51,SOUTHERN,80,PITTSYLVANIA,143, 
COUNTY,VIRGINIA,51,WESTERN,40,AUGUSTA,15,102
COUNTY,VIRGINIA,51,WESTERN,40,ROCKBRIDGE,163,203
COUNTY,WASHINGTON,53,NORTHEAST,30,SPOKANE,63, 
COUNTY,WEST VIRGINIA,54,EASTERN,60,BERKELEY,3, 
COUNTY,WEST VIRGINIA,54,EASTERN,60,GRANT,23, 
COUNTY,WEST VIRGINIA,54,NORTHWEST,20,HARRISON,33, 
COUNTY,WEST VIRGINIA,54,NORTHWEST,20,UPSHUR,97, 
COUNTY,WEST VIRGINIA,54,SOUTHWEST,40,MASON,53, 
COUNTY,WISCONSIN,55,CENTRAL,50,WOOD,141, 
COUNTY,WISCONSIN,55,EAST CENTRAL,60,BROWN,9, 
COUNTY,WISCONSIN,55,EAST CENTRAL,60,CALUMET,15,"2,590"
COUNTY,WISCONSIN,55,EAST CENTRAL,60,DOOR,29, 
COUNTY,WISCONSIN,55,EAST CENTRAL,60,FOND DU LAC,39, 
COUNTY,WISCONSIN,55,EAST CENTRAL,60,KEWAUNEE,61, 
COUNTY,WISCONSIN,55,NORTH CENTRAL,20,MARATHON,73, 
COUNTY,WISCONSIN,55,SOUTH CENTRAL,80,DANE,25, 
COUNTY,WISCONSIN,55,SOUTH CENTRAL,80,GREEN,45, 
COUNTY,WYOMING,56,NORTHWEST,10,PARK,29, 
COUNTY,WYOMING,56,SOUTHEAST,50,LARAMIE,21, 
